"../../../Engine/Plugins/Interchange/Runtime/Content/Pipelines/DefaultTexturePipeline.uasset" 0
"../../../Engine/Plugins/Interchange/Runtime/Content/Pipelines/DefaultTexturePipeline.uexp" 1
"../../../Engine/Plugins/Interchange/Runtime/Content/Pipelines/DefaultSceneLevelPipeline.uasset" 2
"../../../Engine/Plugins/Interchange/Runtime/Content/Pipelines/DefaultSceneLevelPipeline.uexp" 3
"../../../Engine/Plugins/Interchange/Runtime/Content/Pipelines/DefaultSceneAssetsPipeline.uasset" 4
"../../../Engine/Plugins/Interchange/Runtime/Content/Pipelines/DefaultSceneAssetsPipeline.uexp" 5
"../../../Engine/Plugins/Interchange/Runtime/Content/Pipelines/DefaultMaterialXPipeline.uasset" 6
"../../../Engine/Plugins/Interchange/Runtime/Content/Pipelines/DefaultMaterialXPipeline.uexp" 7
"../../../Engine/Plugins/Interchange/Runtime/Content/Pipelines/DefaultMaterialPipeline.uasset" 8
"../../../Engine/Plugins/Interchange/Runtime/Content/Pipelines/DefaultMaterialPipeline.uexp" 9
"../../../Engine/Plugins/Interchange/Runtime/Content/Pipelines/DefaultGLTFSceneAssetsPipeline.uasset" 10
"../../../Engine/Plugins/Interchange/Runtime/Content/Pipelines/DefaultGLTFSceneAssetsPipeline.uexp" 11
"../../../Engine/Plugins/Interchange/Runtime/Content/Pipelines/DefaultGLTFPipeline.uasset" 12
"../../../Engine/Plugins/Interchange/Runtime/Content/Pipelines/DefaultGLTFPipeline.uexp" 13
"../../../Engine/Plugins/Interchange/Runtime/Content/Pipelines/DefaultGLTFAssetsPipeline.uasset" 14
"../../../Engine/Plugins/Interchange/Runtime/Content/Pipelines/DefaultGLTFAssetsPipeline.uexp" 15
"../../../Engine/Plugins/Interchange/Runtime/Content/Pipelines/DefaultAssetsPipeline.uasset" 16
"../../../Engine/Plugins/Interchange/Runtime/Content/Pipelines/DefaultAssetsPipeline.uexp" 17
"../../../Engine/Plugins/Animation/ControlRig/Content/Controls/DefaultGizmoLibraryNormalized.uasset" 18
"../../../Engine/Plugins/Animation/ControlRig/Content/Controls/DefaultGizmoLibraryNormalized.uexp" 19
"../../../Engine/Plugins/2D/Paper2D/Content/PlaceholderTextures/DummySpriteTexture.ubulk" 20
"../../../Engine/Plugins/2D/Paper2D/Content/PlaceholderTextures/DummySpriteTexture.uasset" 21
"../../../Engine/Plugins/2D/Paper2D/Content/PlaceholderTextures/DummySpriteTexture.uexp" 22
"../../../Engine/Plugins/2D/Paper2D/Content/DummySprite.uasset" 23
"../../../Engine/Plugins/2D/Paper2D/Content/DummySprite.uexp" 24
"../../../Engine/Plugins/2D/Paper2D/Content/DefaultPaperTerrainMaterial.uasset" 25
"../../../Engine/Plugins/2D/Paper2D/Content/DefaultPaperTerrainMaterial.uexp" 26
"../../../Engine/Content/EngineSounds/Master.uasset" 27
"../../../Engine/Content/EngineSounds/Master.uexp" 28
"../../../Engine/Content/EngineMaterials/DefaultPhysicalMaterial.uasset" 29
"../../../Engine/Content/EngineMaterials/DefaultPhysicalMaterial.uexp" 30
"../../../Engine/Content/EngineMaterials/DefaultDestructiblePhysicalMaterial.uasset" 31
"../../../Engine/Content/EngineMaterials/DefaultDestructiblePhysicalMaterial.uexp" 32
"../../../Engine/Content/EngineFonts/Faces/RobotoLight.uexp" 33
"../../../Engine/Content/EngineFonts/Faces/RobotoLight.uasset" 34
"../../../Engine/Content/EngineFonts/Faces/RobotoLight.ufont" 35
"../../../Engine/Content/EngineFonts/Faces/RobotoBold.uexp" 36
"../../../Engine/Content/EngineFonts/Faces/RobotoBold.uasset" 37
"../../../Engine/Content/EngineFonts/Faces/RobotoBold.ufont" 38
"../../../Engine/Content/EngineFonts/Faces/RobotoRegular.uexp" 39
"../../../Engine/Content/EngineFonts/Faces/RobotoRegular.uasset" 40
"../../../Engine/Content/EngineFonts/Faces/RobotoRegular.ufont" 41
"../../../Engine/Content/EngineFonts/Faces/DroidSansFallback.uexp" 42
"../../../Engine/Content/EngineFonts/Faces/DroidSansFallback.uasset" 43
"../../../Engine/Content/EngineFonts/Faces/DroidSansFallback.ufont" 44
"../../../Engine/Content/EngineFonts/Faces/RobotoItalic.uexp" 45
"../../../Engine/Content/EngineFonts/Faces/RobotoItalic.uasset" 46
"../../../Engine/Content/EngineFonts/Faces/RobotoItalic.ufont" 47
"../../../Engine/Content/EngineFonts/Faces/RobotoBoldItalic.uexp" 48
"../../../Engine/Content/EngineFonts/Faces/RobotoBoldItalic.uasset" 49
"../../../Engine/Content/EngineFonts/Faces/RobotoBoldItalic.ufont" 50
"../../../Engine/Content/EngineFonts/Roboto.uasset" 51
"../../../Engine/Content/EngineFonts/Roboto.uexp" 52
"../../../Engine/Content/Animation/DefaultRecorderBoneCompression.uasset" 53
"../../../Engine/Content/Animation/DefaultRecorderBoneCompression.uexp" 54
"../../../Engine/Content/MobileResources/HUD/VirtualJoystick_Background.uasset" 55
"../../../Engine/Content/MobileResources/HUD/VirtualJoystick_Background.uexp" 56
"../../../Engine/Content/MobileResources/HUD/VirtualJoystick_Thumb.uasset" 57
"../../../Engine/Content/MobileResources/HUD/VirtualJoystick_Thumb.uexp" 58
"../../../Engine/Content/MobileResources/HUD/DefaultVirtualJoysticks.uasset" 59
"../../../Engine/Content/MobileResources/HUD/DefaultVirtualJoysticks.uexp" 60
"../../../Engine/Content/EditorResources/S_Actor.ubulk" 61
"../../../Engine/Content/EditorResources/S_Actor.uasset" 62
"../../../Engine/Content/EditorResources/S_Actor.uexp" 63
"../../../Engine/Content/EditorResources/S_BoxReflectionCapture.uasset" 64
"../../../Engine/Content/EditorResources/S_BoxReflectionCapture.uexp" 65
"../../../Engine/Content/EngineResources/DefaultTexture.ubulk" 66
"../../../Engine/Content/EngineResources/DefaultTexture.uasset" 67
"../../../Engine/Content/EngineResources/DefaultTexture.uexp" 68
"../../../Engine/Plugins/Runtime/AudioWidgets/Content/Resources/ScrubHandleDown_Clamped.uasset" 69
"../../../Engine/Plugins/Runtime/AudioWidgets/Content/Resources/ScrubHandleDown_Clamped.uexp" 70
"../../../Engine/Content/EngineResources/GradientTexture0.uasset" 71
"../../../Engine/Content/EngineResources/GradientTexture0.uexp" 72
"../../../Engine/Content/EngineResources/Black.uasset" 73
"../../../Engine/Content/EngineResources/Black.uexp" 74
"../../../Engine/Content/EngineMaterials/PreintegratedSkinBRDF.uasset" 75
"../../../Engine/Content/EngineMaterials/PreintegratedSkinBRDF.uexp" 76
"../../../Engine/Content/EngineMaterials/MiniFont.uasset" 77
"../../../Engine/Content/EngineMaterials/MiniFont.uexp" 78
"../../../Engine/Content/EngineMaterials/FastBlueNoise_vec2_128x128x64.uasset" 79
"../../../Engine/Content/EngineMaterials/FastBlueNoise_vec2_128x128x64.uexp" 80
"../../../Engine/Content/EngineMaterials/FastBlueNoise_scalar_128x128x64.uasset" 81
"../../../Engine/Content/EngineMaterials/FastBlueNoise_scalar_128x128x64.uexp" 82
"../../../Engine/Content/EngineMaterials/DefaultWhiteGrid.ubulk" 83
"../../../Engine/Content/EngineMaterials/DefaultWhiteGrid.uasset" 84
"../../../Engine/Content/EngineMaterials/DefaultWhiteGrid.uexp" 85
"../../../Engine/Content/EngineMaterials/DefaultBokeh.uasset" 86
"../../../Engine/Content/EngineMaterials/DefaultBokeh.uexp" 87
"../../../Engine/Content/EngineMaterials/DefaultBloomKernel.uasset" 88
"../../../Engine/Content/EngineMaterials/DefaultBloomKernel.uexp" 89
"../../../Engine/Content/EngineDamageTypes/DmgTypeBP_Environmental.uasset" 90
"../../../Engine/Content/EngineDamageTypes/DmgTypeBP_Environmental.uexp" 91
"../../../Engine/Content/EditorResources/S_TriggerSphere.uasset" 92
"../../../Engine/Content/EditorResources/S_TriggerSphere.uexp" 93
"../../../Engine/Content/EditorResources/S_TriggerCapsule.uasset" 94
"../../../Engine/Content/EditorResources/S_TriggerCapsule.uexp" 95
"../../../Engine/Content/EditorResources/S_TriggerBox.uasset" 96
"../../../Engine/Content/EditorResources/S_TriggerBox.uexp" 97
"../../../Engine/Content/EditorResources/S_Trigger.ubulk" 98
"../../../Engine/Content/EditorResources/S_Trigger.uasset" 99
"../../../Engine/Content/EditorResources/S_Trigger.uexp" 100
"../../../Engine/Content/EditorResources/S_Terrain.ubulk" 101
"../../../Engine/Content/EditorResources/S_Terrain.uasset" 102
"../../../Engine/Content/EditorResources/S_Terrain.uexp" 103
"../../../Engine/Content/EditorResources/S_Solver.ubulk" 104
"../../../Engine/Content/EditorResources/S_Solver.uasset" 105
"../../../Engine/Content/EditorResources/S_Solver.uexp" 106
"../../../Engine/Content/EditorResources/EmptyActor.uasset" 107
"../../../Engine/Content/EditorResources/EmptyActor.uexp" 108
"../../../Engine/Content/EditorResources/BSPVertex.uasset" 109
"../../../Engine/Content/EditorResources/BSPVertex.uexp" 110
"../../../Engine/Content/EditorLandscapeResources/DefaultAlphaTexture.uasset" 111
"../../../Engine/Content/EditorLandscapeResources/DefaultAlphaTexture.uexp" 112
"../../../Engine/Content/EngineResources/DefaultTextureCube.uasset" 113
"../../../Engine/Content/EngineResources/DefaultTextureCube.uexp" 114
"../../../Engine/Content/EngineResources/FilmGrains/Marcie_Grain_v3_128_M2_000.uasset" 115
"../../../Engine/Content/EngineResources/FilmGrains/Marcie_Grain_v3_128_M2_000.uexp" 116
"../../../Engine/Content/EngineMaterials/LTC/Sheen_LTC.uasset" 117
"../../../Engine/Content/EngineMaterials/LTC/Sheen_LTC.uexp" 118
"../../../Engine/Content/EngineMaterials/LTC/GGX_LTCMat.uasset" 119
"../../../Engine/Content/EngineMaterials/LTC/GGX_LTCMat.uexp" 120
"../../../Engine/Content/EngineMaterials/LTC/GGX_LTCAmp.uasset" 121
"../../../Engine/Content/EngineMaterials/LTC/GGX_LTCAmp.uexp" 122
"../../../Engine/Content/EngineMaterials/EnergyConservation/Sheen_Energy.uasset" 123
"../../../Engine/Content/EngineMaterials/EnergyConservation/Sheen_Energy.uexp" 124
"../../../Engine/Content/EngineMaterials/EnergyConservation/SheenLegacy_Energy.uasset" 125
"../../../Engine/Content/EngineMaterials/EnergyConservation/SheenLegacy_Energy.uexp" 126
"../../../Engine/Content/EngineMaterials/EnergyConservation/GGX_TransmissionEnergyArray.uasset" 127
"../../../Engine/Content/EngineMaterials/EnergyConservation/GGX_TransmissionEnergyArray.uexp" 128
"../../../Engine/Content/EngineMaterials/EnergyConservation/GGX_ReflectionEnergy.uasset" 129
"../../../Engine/Content/EngineMaterials/EnergyConservation/GGX_ReflectionEnergy.uexp" 130
"../../../Engine/Content/EngineMaterials/EnergyConservation/Diffuse_Energy.uasset" 131
"../../../Engine/Content/EngineMaterials/EnergyConservation/Diffuse_Energy.uexp" 132
"../../../Engine/Content/EditorResources/SequenceRecorder/RecordingIndicator.uasset" 133
"../../../Engine/Content/EditorResources/SequenceRecorder/RecordingIndicator.uexp" 134
"../../../Engine/Content/EditorResources/SequenceRecorder/Countdown.uasset" 135
"../../../Engine/Content/EditorResources/SequenceRecorder/Countdown.uexp" 136
"../../../Engine/Content/EngineResources/DefaultVolumeTexture2D.uasset" 137
"../../../Engine/Content/EngineResources/DefaultVolumeTexture2D.uexp" 138
"../../../Engine/Content/EngineResources/DefaultVolumeTexture.uasset" 139
"../../../Engine/Content/EngineResources/DefaultVolumeTexture.uexp" 140
"../../../Engine/Content/EditorMaterials/ParticleSystems/PSysThumbnail_OOD.ubulk" 141
"../../../Engine/Content/EditorMaterials/ParticleSystems/PSysThumbnail_OOD.uasset" 142
"../../../Engine/Content/EditorMaterials/ParticleSystems/PSysThumbnail_OOD.uexp" 143
"../../../Engine/Content/EditorMaterials/ParticleSystems/PSysThumbnail_NoImage.ubulk" 144
"../../../Engine/Content/EditorMaterials/ParticleSystems/PSysThumbnail_NoImage.uasset" 145
"../../../Engine/Content/EditorMaterials/ParticleSystems/PSysThumbnail_NoImage.uexp" 146
"C:/Users/pitre/OneDrive/Desktop/info-sys-and-proj-methodologies-II-project-mastermind-inc/Mastermind_shooter/Content/Game_asset/Input/IA_FPLook.uasset" 147
"C:/Users/pitre/OneDrive/Desktop/info-sys-and-proj-methodologies-II-project-mastermind-inc/Mastermind_shooter/Content/Game_asset/Input/IA_FPLook.uexp" 148
"C:/Users/pitre/OneDrive/Desktop/info-sys-and-proj-methodologies-II-project-mastermind-inc/Mastermind_shooter/Content/Game_asset/MastermindCharacter/FirstPerson/BP_MC.uasset" 149
"C:/Users/pitre/OneDrive/Desktop/info-sys-and-proj-methodologies-II-project-mastermind-inc/Mastermind_shooter/Content/Game_asset/MastermindCharacter/FirstPerson/BP_MC.uexp" 150
"C:/Users/pitre/OneDrive/Desktop/info-sys-and-proj-methodologies-II-project-mastermind-inc/Mastermind_shooter/Content/Game_asset/Input/IA_FPMap.uasset" 151
"C:/Users/pitre/OneDrive/Desktop/info-sys-and-proj-methodologies-II-project-mastermind-inc/Mastermind_shooter/Content/Game_asset/Input/IA_FPMap.uexp" 152
"C:/Users/pitre/OneDrive/Desktop/info-sys-and-proj-methodologies-II-project-mastermind-inc/Mastermind_shooter/Content/Game_asset/Input/IMC_FPCharaterControl.uasset" 153
"C:/Users/pitre/OneDrive/Desktop/info-sys-and-proj-methodologies-II-project-mastermind-inc/Mastermind_shooter/Content/Game_asset/Input/IMC_FPCharaterControl.uexp" 154
"C:/Users/pitre/OneDrive/Desktop/info-sys-and-proj-methodologies-II-project-mastermind-inc/Mastermind_shooter/Content/Game_asset/MastermindCharacter/FirstPerson/BP_FirstPersonCharacter.uasset" 155
"C:/Users/pitre/OneDrive/Desktop/info-sys-and-proj-methodologies-II-project-mastermind-inc/Mastermind_shooter/Content/Game_asset/MastermindCharacter/FirstPerson/BP_FirstPersonCharacter.uexp" 156
"C:/Users/pitre/OneDrive/Desktop/info-sys-and-proj-methodologies-II-project-mastermind-inc/Mastermind_shooter/Content/Game_asset/Playercharacter/Animation/UE4_Mannequin/Textures/UE4_LOGO_CARD.ubulk" 157
"C:/Users/pitre/OneDrive/Desktop/info-sys-and-proj-methodologies-II-project-mastermind-inc/Mastermind_shooter/Content/Game_asset/Playercharacter/Animation/UE4_Mannequin/Textures/UE4_LOGO_CARD.uasset" 158
"C:/Users/pitre/OneDrive/Desktop/info-sys-and-proj-methodologies-II-project-mastermind-inc/Mastermind_shooter/Content/Game_asset/Playercharacter/Animation/UE4_Mannequin/Textures/UE4_LOGO_CARD.uexp" 159
"C:/Users/pitre/OneDrive/Desktop/info-sys-and-proj-methodologies-II-project-mastermind-inc/Mastermind_shooter/Content/Game_asset/MastermindCharacter/FirstPerson/BP_FirstPersonHUD.uasset" 160
"C:/Users/pitre/OneDrive/Desktop/info-sys-and-proj-methodologies-II-project-mastermind-inc/Mastermind_shooter/Content/Game_asset/MastermindCharacter/FirstPerson/BP_FirstPersonHUD.uexp" 161
"C:/Users/pitre/OneDrive/Desktop/info-sys-and-proj-methodologies-II-project-mastermind-inc/Mastermind_shooter/Content/Game_asset/MastermindCharacter/FirstPerson/BP_FirstPersonGameMode.uasset" 162
"C:/Users/pitre/OneDrive/Desktop/info-sys-and-proj-methodologies-II-project-mastermind-inc/Mastermind_shooter/Content/Game_asset/MastermindCharacter/FirstPerson/BP_FirstPersonGameMode.uexp" 163
"../../../Engine/Content/Functions/Engine_MaterialFunctions01/Shading/PowerToRoughness.uasset" 164
"../../../Engine/Content/Functions/Engine_MaterialFunctions01/Shading/PowerToRoughness.uexp" 165
"../../../Engine/Content/Functions/Engine_MaterialFunctions01/Shading/ConvertFromDiffSpec.uasset" 166
"../../../Engine/Content/Functions/Engine_MaterialFunctions01/Shading/ConvertFromDiffSpec.uexp" 167
"../../../Engine/Content/EngineMaterials/Substrate/Volume/SubstrateSimpleVolumeLUT3D.uasset" 168
"../../../Engine/Content/EngineMaterials/Substrate/Volume/SubstrateSimpleVolumeLUT3D.uexp" 169
"../../../Engine/Content/EngineMaterials/Substrate/Volume/SubstrateSimpleVolumeEnvLUT3D.uasset" 170
"../../../Engine/Content/EngineMaterials/Substrate/Volume/SubstrateSimpleVolumeEnvLUT3D.uexp" 171
"../../../Engine/Content/Animation/DefaultAnimCurveCompressionSettings.uasset" 172
"../../../Engine/Content/Animation/DefaultAnimCurveCompressionSettings.uexp" 173
"../../../Engine/Content/Animation/DefaultVariableFrameStrippingSettings.uasset" 174
"../../../Engine/Content/Animation/DefaultVariableFrameStrippingSettings.uexp" 175
"C:/Users/pitre/OneDrive/Desktop/info-sys-and-proj-methodologies-II-project-mastermind-inc/Mastermind_shooter/Content/Game_asset/Playercharacter/Mesh/SK_Mannequin.uasset" 176
"C:/Users/pitre/OneDrive/Desktop/info-sys-and-proj-methodologies-II-project-mastermind-inc/Mastermind_shooter/Content/Game_asset/Playercharacter/Mesh/SK_Mannequin.uexp" 177
"../../../Engine/Content/Animation/DefaultAnimBoneCompressionSettings.uasset" 178
"../../../Engine/Content/Animation/DefaultAnimBoneCompressionSettings.uexp" 179
"C:/Users/pitre/OneDrive/Desktop/info-sys-and-proj-methodologies-II-project-mastermind-inc/Mastermind_shooter/Content/Characters/Mannequins/Animations/Manny/MM_Fall_Loop.uasset" 180
"C:/Users/pitre/OneDrive/Desktop/info-sys-and-proj-methodologies-II-project-mastermind-inc/Mastermind_shooter/Content/Characters/Mannequins/Animations/Manny/MM_Fall_Loop.uexp" 181
"C:/Users/pitre/OneDrive/Desktop/info-sys-and-proj-methodologies-II-project-mastermind-inc/Mastermind_shooter/Content/Characters/Mannequins/Animations/Manny/MM_Jump.uasset" 182
"C:/Users/pitre/OneDrive/Desktop/info-sys-and-proj-methodologies-II-project-mastermind-inc/Mastermind_shooter/Content/Characters/Mannequins/Animations/Manny/MM_Jump.uexp" 183
"../../../Engine/Plugins/Animation/ACLPlugin/Content/ACLAnimBoneCompressionSettings.uasset" 184
"../../../Engine/Plugins/Animation/ACLPlugin/Content/ACLAnimBoneCompressionSettings.uexp" 185
"../../../Engine/Plugins/Animation/ACLPlugin/Content/ACLAnimCurveCompressionSettings.uasset" 186
"../../../Engine/Plugins/Animation/ACLPlugin/Content/ACLAnimCurveCompressionSettings.uexp" 187
"C:/Users/pitre/OneDrive/Desktop/info-sys-and-proj-methodologies-II-project-mastermind-inc/Mastermind_shooter/Content/Game_asset/Playercharacter/Animation/REANiMATION/REAN_Crouch_Idle_Rifle_Hip.uasset" 188
"C:/Users/pitre/OneDrive/Desktop/info-sys-and-proj-methodologies-II-project-mastermind-inc/Mastermind_shooter/Content/Game_asset/Playercharacter/Animation/REANiMATION/REAN_Crouch_Idle_Rifle_Hip.uexp" 189
"C:/Users/pitre/OneDrive/Desktop/info-sys-and-proj-methodologies-II-project-mastermind-inc/Mastermind_shooter/Content/Game_asset/Playercharacter/Animation/REANiMATION/REAN_Idle_Rifle_Ironsights.uasset" 190
"C:/Users/pitre/OneDrive/Desktop/info-sys-and-proj-methodologies-II-project-mastermind-inc/Mastermind_shooter/Content/Game_asset/Playercharacter/Animation/REANiMATION/REAN_Idle_Rifle_Ironsights.uexp" 191
"C:/Users/pitre/OneDrive/Desktop/info-sys-and-proj-methodologies-II-project-mastermind-inc/Mastermind_shooter/Content/Game_asset/Playercharacter/Mesh/Player_Mannequin.uasset" 192
"C:/Users/pitre/OneDrive/Desktop/info-sys-and-proj-methodologies-II-project-mastermind-inc/Mastermind_shooter/Content/Game_asset/Playercharacter/Mesh/Player_Mannequin.uexp" 193
"C:/Users/pitre/OneDrive/Desktop/info-sys-and-proj-methodologies-II-project-mastermind-inc/Mastermind_shooter/Content/Characters/Mannequins/Animations/Manny/MM_Land.uasset" 194
"C:/Users/pitre/OneDrive/Desktop/info-sys-and-proj-methodologies-II-project-mastermind-inc/Mastermind_shooter/Content/Characters/Mannequins/Animations/Manny/MM_Land.uexp" 195
"C:/Users/pitre/OneDrive/Desktop/info-sys-and-proj-methodologies-II-project-mastermind-inc/Mastermind_shooter/Content/Game_asset/Playercharacter/Animation/REANiMATION/REAN_Crouch_Walk_Bwd_Rifle_Hip.uasset" 196
"C:/Users/pitre/OneDrive/Desktop/info-sys-and-proj-methodologies-II-project-mastermind-inc/Mastermind_shooter/Content/Game_asset/Playercharacter/Animation/REANiMATION/REAN_Crouch_Walk_Bwd_Rifle_Hip.uexp" 197
"C:/Users/pitre/OneDrive/Desktop/info-sys-and-proj-methodologies-II-project-mastermind-inc/Mastermind_shooter/Content/Game_asset/Playercharacter/Animation/REANiMATION/REAN_Crouch_Walk_Lt_Rifle_Hip.uasset" 198
"C:/Users/pitre/OneDrive/Desktop/info-sys-and-proj-methodologies-II-project-mastermind-inc/Mastermind_shooter/Content/Game_asset/Playercharacter/Animation/REANiMATION/REAN_Crouch_Walk_Lt_Rifle_Hip.uexp" 199
"C:/Users/pitre/OneDrive/Desktop/info-sys-and-proj-methodologies-II-project-mastermind-inc/Mastermind_shooter/Content/Game_asset/Playercharacter/Animation/REANiMATION/REAN_Crouch_Walk_Fwd_Rifle_Hip.uasset" 200
"C:/Users/pitre/OneDrive/Desktop/info-sys-and-proj-methodologies-II-project-mastermind-inc/Mastermind_shooter/Content/Game_asset/Playercharacter/Animation/REANiMATION/REAN_Crouch_Walk_Fwd_Rifle_Hip.uexp" 201
"C:/Users/pitre/OneDrive/Desktop/info-sys-and-proj-methodologies-II-project-mastermind-inc/Mastermind_shooter/Content/Game_asset/Playercharacter/Animation/REANiMATION/REAN_Crouch_Walk_Rt_Rifle_Hip.uasset" 202
"C:/Users/pitre/OneDrive/Desktop/info-sys-and-proj-methodologies-II-project-mastermind-inc/Mastermind_shooter/Content/Game_asset/Playercharacter/Animation/REANiMATION/REAN_Crouch_Walk_Rt_Rifle_Hip.uexp" 203
"C:/Users/pitre/OneDrive/Desktop/info-sys-and-proj-methodologies-II-project-mastermind-inc/Mastermind_shooter/Content/Game_asset/Playercharacter/Animation/REANiMATION/REAN_BS_CrouchWalk.uasset" 204
"C:/Users/pitre/OneDrive/Desktop/info-sys-and-proj-methodologies-II-project-mastermind-inc/Mastermind_shooter/Content/Game_asset/Playercharacter/Animation/REANiMATION/REAN_BS_CrouchWalk.uexp" 205
"C:/Users/pitre/OneDrive/Desktop/info-sys-and-proj-methodologies-II-project-mastermind-inc/Mastermind_shooter/Content/Game_asset/Playercharacter/Animation/REANiMATION/REAN_Idle_Rifle_Hip.uasset" 206
"C:/Users/pitre/OneDrive/Desktop/info-sys-and-proj-methodologies-II-project-mastermind-inc/Mastermind_shooter/Content/Game_asset/Playercharacter/Animation/REANiMATION/REAN_Idle_Rifle_Hip.uexp" 207
"C:/Users/pitre/OneDrive/Desktop/info-sys-and-proj-methodologies-II-project-mastermind-inc/Mastermind_shooter/Content/Game_asset/Playercharacter/Animation/REANiMATION/REAN_Jog_Fwd_Rifle.uasset" 208
"C:/Users/pitre/OneDrive/Desktop/info-sys-and-proj-methodologies-II-project-mastermind-inc/Mastermind_shooter/Content/Game_asset/Playercharacter/Animation/REANiMATION/REAN_Jog_Fwd_Rifle.uexp" 209
"C:/Users/pitre/OneDrive/Desktop/info-sys-and-proj-methodologies-II-project-mastermind-inc/Mastermind_shooter/Content/Game_asset/Playercharacter/Animation/REANiMATION/REAN_Jog_Bwd_Rifle.uasset" 210
"C:/Users/pitre/OneDrive/Desktop/info-sys-and-proj-methodologies-II-project-mastermind-inc/Mastermind_shooter/Content/Game_asset/Playercharacter/Animation/REANiMATION/REAN_Jog_Bwd_Rifle.uexp" 211
"C:/Users/pitre/OneDrive/Desktop/info-sys-and-proj-methodologies-II-project-mastermind-inc/Mastermind_shooter/Content/Game_asset/Playercharacter/Animation/REANiMATION/REAN_Jog_Lt_Rifle.uasset" 212
"C:/Users/pitre/OneDrive/Desktop/info-sys-and-proj-methodologies-II-project-mastermind-inc/Mastermind_shooter/Content/Game_asset/Playercharacter/Animation/REANiMATION/REAN_Jog_Lt_Rifle.uexp" 213
"C:/Users/pitre/OneDrive/Desktop/info-sys-and-proj-methodologies-II-project-mastermind-inc/Mastermind_shooter/Content/Game_asset/Playercharacter/Animation/REANiMATION/REAN_Jog_Rt_Rifle.uasset" 214
"C:/Users/pitre/OneDrive/Desktop/info-sys-and-proj-methodologies-II-project-mastermind-inc/Mastermind_shooter/Content/Game_asset/Playercharacter/Animation/REANiMATION/REAN_Jog_Rt_Rifle.uexp" 215
"C:/Users/pitre/OneDrive/Desktop/info-sys-and-proj-methodologies-II-project-mastermind-inc/Mastermind_shooter/Content/Game_asset/Playercharacter/Animation/REANiMATION/REAN_BS_Jog.uasset" 216
"C:/Users/pitre/OneDrive/Desktop/info-sys-and-proj-methodologies-II-project-mastermind-inc/Mastermind_shooter/Content/Game_asset/Playercharacter/Animation/REANiMATION/REAN_BS_Jog.uexp" 217
"C:/Users/pitre/OneDrive/Desktop/info-sys-and-proj-methodologies-II-project-mastermind-inc/Mastermind_shooter/Content/Game_asset/Playercharacter/Animation/Shoot_ABP_Manny.uasset" 218
"C:/Users/pitre/OneDrive/Desktop/info-sys-and-proj-methodologies-II-project-mastermind-inc/Mastermind_shooter/Content/Game_asset/Playercharacter/Animation/Shoot_ABP_Manny.uexp" 219
"C:/Users/pitre/OneDrive/Desktop/info-sys-and-proj-methodologies-II-project-mastermind-inc/Mastermind_shooter/Content/Game_asset/Input/IA_RightClick.uasset" 220
"C:/Users/pitre/OneDrive/Desktop/info-sys-and-proj-methodologies-II-project-mastermind-inc/Mastermind_shooter/Content/Game_asset/Input/IA_RightClick.uexp" 221
"C:/Users/pitre/OneDrive/Desktop/info-sys-and-proj-methodologies-II-project-mastermind-inc/Mastermind_shooter/Content/ThirdPerson/Input/Actions/IA_Jump.uasset" 222
"C:/Users/pitre/OneDrive/Desktop/info-sys-and-proj-methodologies-II-project-mastermind-inc/Mastermind_shooter/Content/ThirdPerson/Input/Actions/IA_Jump.uexp" 223
"C:/Users/pitre/OneDrive/Desktop/info-sys-and-proj-methodologies-II-project-mastermind-inc/Mastermind_shooter/Content/Game_asset/Input/IA_Crouch.uasset" 224
"C:/Users/pitre/OneDrive/Desktop/info-sys-and-proj-methodologies-II-project-mastermind-inc/Mastermind_shooter/Content/Game_asset/Input/IA_Crouch.uexp" 225
"C:/Users/pitre/OneDrive/Desktop/info-sys-and-proj-methodologies-II-project-mastermind-inc/Mastermind_shooter/Content/Game_asset/Input/IA_LeftClick.uasset" 226
"C:/Users/pitre/OneDrive/Desktop/info-sys-and-proj-methodologies-II-project-mastermind-inc/Mastermind_shooter/Content/Game_asset/Input/IA_LeftClick.uexp" 227
"C:/Users/pitre/OneDrive/Desktop/info-sys-and-proj-methodologies-II-project-mastermind-inc/Mastermind_shooter/Content/ThirdPerson/Input/Actions/IA_Look.uasset" 228
"C:/Users/pitre/OneDrive/Desktop/info-sys-and-proj-methodologies-II-project-mastermind-inc/Mastermind_shooter/Content/ThirdPerson/Input/Actions/IA_Look.uexp" 229
"C:/Users/pitre/OneDrive/Desktop/info-sys-and-proj-methodologies-II-project-mastermind-inc/Mastermind_shooter/Content/ThirdPerson/Input/Actions/IA_Move.uasset" 230
"C:/Users/pitre/OneDrive/Desktop/info-sys-and-proj-methodologies-II-project-mastermind-inc/Mastermind_shooter/Content/ThirdPerson/Input/Actions/IA_Move.uexp" 231
"C:/Users/pitre/OneDrive/Desktop/info-sys-and-proj-methodologies-II-project-mastermind-inc/Mastermind_shooter/Content/Game_asset/Input/IMC_CharacterControl.uasset" 232
"C:/Users/pitre/OneDrive/Desktop/info-sys-and-proj-methodologies-II-project-mastermind-inc/Mastermind_shooter/Content/Game_asset/Input/IMC_CharacterControl.uexp" 233
"../../../Engine/Content/Functions/Engine_MaterialFunctions02/Fresnel_Function.uasset" 234
"../../../Engine/Content/Functions/Engine_MaterialFunctions02/Fresnel_Function.uexp" 235
"C:/Users/pitre/OneDrive/Desktop/info-sys-and-proj-methodologies-II-project-mastermind-inc/Mastermind_shooter/Content/Game_asset/Importedasset/MilitaryWeapDark/FX/Materials/M_GlowSphere_01.uasset" 236
"C:/Users/pitre/OneDrive/Desktop/info-sys-and-proj-methodologies-II-project-mastermind-inc/Mastermind_shooter/Content/Game_asset/Importedasset/MilitaryWeapDark/FX/Materials/M_GlowSphere_01.uexp" 237
"C:/Users/pitre/OneDrive/Desktop/info-sys-and-proj-methodologies-II-project-mastermind-inc/Mastermind_shooter/Content/Game_asset/Importedasset/MilitaryWeapDark/FX/Meshes/St_Sphere_01.ubulk" 238
"C:/Users/pitre/OneDrive/Desktop/info-sys-and-proj-methodologies-II-project-mastermind-inc/Mastermind_shooter/Content/Game_asset/Importedasset/MilitaryWeapDark/FX/Meshes/St_Sphere_01.uasset" 239
"C:/Users/pitre/OneDrive/Desktop/info-sys-and-proj-methodologies-II-project-mastermind-inc/Mastermind_shooter/Content/Game_asset/Importedasset/MilitaryWeapDark/FX/Meshes/St_Sphere_01.uexp" 240
"C:/Users/pitre/OneDrive/Desktop/info-sys-and-proj-methodologies-II-project-mastermind-inc/Mastermind_shooter/Content/Game_asset/Importedasset/MilitaryWeapDark/FX/Textures/T_AssaultRifle_MuzzleFlashes_01.ubulk" 241
"C:/Users/pitre/OneDrive/Desktop/info-sys-and-proj-methodologies-II-project-mastermind-inc/Mastermind_shooter/Content/Game_asset/Importedasset/MilitaryWeapDark/FX/Textures/T_AssaultRifle_MuzzleFlashes_01.uasset" 242
"C:/Users/pitre/OneDrive/Desktop/info-sys-and-proj-methodologies-II-project-mastermind-inc/Mastermind_shooter/Content/Game_asset/Importedasset/MilitaryWeapDark/FX/Textures/T_AssaultRifle_MuzzleFlashes_01.uexp" 243
"C:/Users/pitre/OneDrive/Desktop/info-sys-and-proj-methodologies-II-project-mastermind-inc/Mastermind_shooter/Content/Game_asset/Importedasset/MilitaryWeapDark/FX/Materials/M_AssaultRifle_MuzzleFlash_4x1.uasset" 244
"C:/Users/pitre/OneDrive/Desktop/info-sys-and-proj-methodologies-II-project-mastermind-inc/Mastermind_shooter/Content/Game_asset/Importedasset/MilitaryWeapDark/FX/Materials/M_AssaultRifle_MuzzleFlash_4x1.uexp" 245
"C:/Users/pitre/OneDrive/Desktop/info-sys-and-proj-methodologies-II-project-mastermind-inc/Mastermind_shooter/Content/Game_asset/Importedasset/MilitaryWeapDark/FX/Textures/T_Spherical_NormalMap_01.ubulk" 246
"C:/Users/pitre/OneDrive/Desktop/info-sys-and-proj-methodologies-II-project-mastermind-inc/Mastermind_shooter/Content/Game_asset/Importedasset/MilitaryWeapDark/FX/Textures/T_Spherical_NormalMap_01.uasset" 247
"C:/Users/pitre/OneDrive/Desktop/info-sys-and-proj-methodologies-II-project-mastermind-inc/Mastermind_shooter/Content/Game_asset/Importedasset/MilitaryWeapDark/FX/Textures/T_Spherical_NormalMap_01.uexp" 248
"C:/Users/pitre/OneDrive/Desktop/info-sys-and-proj-methodologies-II-project-mastermind-inc/Mastermind_shooter/Content/Game_asset/Importedasset/MilitaryWeapDark/FX/Textures/T_Smoke_8x8_B_01.ubulk" 249
"C:/Users/pitre/OneDrive/Desktop/info-sys-and-proj-methodologies-II-project-mastermind-inc/Mastermind_shooter/Content/Game_asset/Importedasset/MilitaryWeapDark/FX/Textures/T_Smoke_8x8_B_01.uasset" 250
"C:/Users/pitre/OneDrive/Desktop/info-sys-and-proj-methodologies-II-project-mastermind-inc/Mastermind_shooter/Content/Game_asset/Importedasset/MilitaryWeapDark/FX/Textures/T_Smoke_8x8_B_01.uexp" 251
"C:/Users/pitre/OneDrive/Desktop/info-sys-and-proj-methodologies-II-project-mastermind-inc/Mastermind_shooter/Content/Game_asset/Importedasset/MilitaryWeapDark/FX/Materials/M_Smoke_8x8_B_01.uasset" 252
"C:/Users/pitre/OneDrive/Desktop/info-sys-and-proj-methodologies-II-project-mastermind-inc/Mastermind_shooter/Content/Game_asset/Importedasset/MilitaryWeapDark/FX/Materials/M_Smoke_8x8_B_01.uexp" 253
"C:/Users/pitre/OneDrive/Desktop/info-sys-and-proj-methodologies-II-project-mastermind-inc/Mastermind_shooter/Content/Game_asset/Importedasset/MilitaryWeapDark/FX/Textures/T_Pistol_Smoke_2x2_A.ubulk" 254
"C:/Users/pitre/OneDrive/Desktop/info-sys-and-proj-methodologies-II-project-mastermind-inc/Mastermind_shooter/Content/Game_asset/Importedasset/MilitaryWeapDark/FX/Textures/T_Pistol_Smoke_2x2_A.uasset" 255
"C:/Users/pitre/OneDrive/Desktop/info-sys-and-proj-methodologies-II-project-mastermind-inc/Mastermind_shooter/Content/Game_asset/Importedasset/MilitaryWeapDark/FX/Textures/T_Pistol_Smoke_2x2_A.uexp" 256
"C:/Users/pitre/OneDrive/Desktop/info-sys-and-proj-methodologies-II-project-mastermind-inc/Mastermind_shooter/Content/Game_asset/Importedasset/MilitaryWeapDark/FX/Textures/T_FL_Detail_01.ubulk" 257
"C:/Users/pitre/OneDrive/Desktop/info-sys-and-proj-methodologies-II-project-mastermind-inc/Mastermind_shooter/Content/Game_asset/Importedasset/MilitaryWeapDark/FX/Textures/T_FL_Detail_01.uasset" 258
"C:/Users/pitre/OneDrive/Desktop/info-sys-and-proj-methodologies-II-project-mastermind-inc/Mastermind_shooter/Content/Game_asset/Importedasset/MilitaryWeapDark/FX/Textures/T_FL_Detail_01.uexp" 259
"C:/Users/pitre/OneDrive/Desktop/info-sys-and-proj-methodologies-II-project-mastermind-inc/Mastermind_shooter/Content/Game_asset/Importedasset/MilitaryWeapDark/FX/Materials/M_Pistol_Smoke_2x2_A.uasset" 260
"C:/Users/pitre/OneDrive/Desktop/info-sys-and-proj-methodologies-II-project-mastermind-inc/Mastermind_shooter/Content/Game_asset/Importedasset/MilitaryWeapDark/FX/Materials/M_Pistol_Smoke_2x2_A.uexp" 261
"C:/Users/pitre/OneDrive/Desktop/info-sys-and-proj-methodologies-II-project-mastermind-inc/Mastermind_shooter/Content/Game_asset/Importedasset/MilitaryWeapDark/FX/P_AssaultRifle_MuzzleFlash.uasset" 262
"C:/Users/pitre/OneDrive/Desktop/info-sys-and-proj-methodologies-II-project-mastermind-inc/Mastermind_shooter/Content/Game_asset/Importedasset/MilitaryWeapDark/FX/P_AssaultRifle_MuzzleFlash.uexp" 263
"C:/Users/pitre/OneDrive/Desktop/info-sys-and-proj-methodologies-II-project-mastermind-inc/Mastermind_shooter/Content/Game_asset/Importedasset/MilitaryWeapDark/Sound/Rifle/Wavs/RifleB_Fire06.ubulk" 264
"C:/Users/pitre/OneDrive/Desktop/info-sys-and-proj-methodologies-II-project-mastermind-inc/Mastermind_shooter/Content/Game_asset/Importedasset/MilitaryWeapDark/Sound/Rifle/Wavs/RifleB_Fire06.uasset" 265
"C:/Users/pitre/OneDrive/Desktop/info-sys-and-proj-methodologies-II-project-mastermind-inc/Mastermind_shooter/Content/Game_asset/Importedasset/MilitaryWeapDark/Sound/Rifle/Wavs/RifleB_Fire06.uexp" 266
"C:/Users/pitre/OneDrive/Desktop/info-sys-and-proj-methodologies-II-project-mastermind-inc/Mastermind_shooter/Content/Game_asset/Importedasset/MilitaryWeapDark/Sound/Rifle/Wavs/RifleB_Fire01.ubulk" 267
"C:/Users/pitre/OneDrive/Desktop/info-sys-and-proj-methodologies-II-project-mastermind-inc/Mastermind_shooter/Content/Game_asset/Importedasset/MilitaryWeapDark/Sound/Rifle/Wavs/RifleB_Fire01.uasset" 268
"C:/Users/pitre/OneDrive/Desktop/info-sys-and-proj-methodologies-II-project-mastermind-inc/Mastermind_shooter/Content/Game_asset/Importedasset/MilitaryWeapDark/Sound/Rifle/Wavs/RifleB_Fire01.uexp" 269
"C:/Users/pitre/OneDrive/Desktop/info-sys-and-proj-methodologies-II-project-mastermind-inc/Mastermind_shooter/Content/Game_asset/Importedasset/MilitaryWeapDark/Sound/Rifle/Wavs/RifleB_Fire_ST03.ubulk" 270
"C:/Users/pitre/OneDrive/Desktop/info-sys-and-proj-methodologies-II-project-mastermind-inc/Mastermind_shooter/Content/Game_asset/Importedasset/MilitaryWeapDark/Sound/Rifle/Wavs/RifleB_Fire_ST03.uasset" 271
"C:/Users/pitre/OneDrive/Desktop/info-sys-and-proj-methodologies-II-project-mastermind-inc/Mastermind_shooter/Content/Game_asset/Importedasset/MilitaryWeapDark/Sound/Rifle/Wavs/RifleB_Fire_ST03.uexp" 272
"C:/Users/pitre/OneDrive/Desktop/info-sys-and-proj-methodologies-II-project-mastermind-inc/Mastermind_shooter/Content/Game_asset/Importedasset/MilitaryWeapDark/Sound/Rifle/Wavs/RifleB_Fire05.ubulk" 273
"C:/Users/pitre/OneDrive/Desktop/info-sys-and-proj-methodologies-II-project-mastermind-inc/Mastermind_shooter/Content/Game_asset/Importedasset/MilitaryWeapDark/Sound/Rifle/Wavs/RifleB_Fire05.uasset" 274
"C:/Users/pitre/OneDrive/Desktop/info-sys-and-proj-methodologies-II-project-mastermind-inc/Mastermind_shooter/Content/Game_asset/Importedasset/MilitaryWeapDark/Sound/Rifle/Wavs/RifleB_Fire05.uexp" 275
"C:/Users/pitre/OneDrive/Desktop/info-sys-and-proj-methodologies-II-project-mastermind-inc/Mastermind_shooter/Content/Game_asset/Importedasset/MilitaryWeapDark/Sound/Rifle/Wavs/RifleB_Fire02.ubulk" 276
"C:/Users/pitre/OneDrive/Desktop/info-sys-and-proj-methodologies-II-project-mastermind-inc/Mastermind_shooter/Content/Game_asset/Importedasset/MilitaryWeapDark/Sound/Rifle/Wavs/RifleB_Fire02.uasset" 277
"C:/Users/pitre/OneDrive/Desktop/info-sys-and-proj-methodologies-II-project-mastermind-inc/Mastermind_shooter/Content/Game_asset/Importedasset/MilitaryWeapDark/Sound/Rifle/Wavs/RifleB_Fire02.uexp" 278
"C:/Users/pitre/OneDrive/Desktop/info-sys-and-proj-methodologies-II-project-mastermind-inc/Mastermind_shooter/Content/Game_asset/Importedasset/MilitaryWeapDark/Sound/Rifle/Wavs/RifleB_Fire_ST01.ubulk" 279
"C:/Users/pitre/OneDrive/Desktop/info-sys-and-proj-methodologies-II-project-mastermind-inc/Mastermind_shooter/Content/Game_asset/Importedasset/MilitaryWeapDark/Sound/Rifle/Wavs/RifleB_Fire_ST01.uasset" 280
"C:/Users/pitre/OneDrive/Desktop/info-sys-and-proj-methodologies-II-project-mastermind-inc/Mastermind_shooter/Content/Game_asset/Importedasset/MilitaryWeapDark/Sound/Rifle/Wavs/RifleB_Fire_ST01.uexp" 281
"C:/Users/pitre/OneDrive/Desktop/info-sys-and-proj-methodologies-II-project-mastermind-inc/Mastermind_shooter/Content/Game_asset/Importedasset/MilitaryWeapDark/Sound/Rifle/Wavs/RifleB_Fire04.ubulk" 282
"C:/Users/pitre/OneDrive/Desktop/info-sys-and-proj-methodologies-II-project-mastermind-inc/Mastermind_shooter/Content/Game_asset/Importedasset/MilitaryWeapDark/Sound/Rifle/Wavs/RifleB_Fire04.uasset" 283
"C:/Users/pitre/OneDrive/Desktop/info-sys-and-proj-methodologies-II-project-mastermind-inc/Mastermind_shooter/Content/Game_asset/Importedasset/MilitaryWeapDark/Sound/Rifle/Wavs/RifleB_Fire04.uexp" 284
"C:/Users/pitre/OneDrive/Desktop/info-sys-and-proj-methodologies-II-project-mastermind-inc/Mastermind_shooter/Content/Game_asset/Importedasset/MilitaryWeapDark/Sound/Rifle/Wavs/RifleB_Fire03.ubulk" 285
"C:/Users/pitre/OneDrive/Desktop/info-sys-and-proj-methodologies-II-project-mastermind-inc/Mastermind_shooter/Content/Game_asset/Importedasset/MilitaryWeapDark/Sound/Rifle/Wavs/RifleB_Fire03.uasset" 286
"C:/Users/pitre/OneDrive/Desktop/info-sys-and-proj-methodologies-II-project-mastermind-inc/Mastermind_shooter/Content/Game_asset/Importedasset/MilitaryWeapDark/Sound/Rifle/Wavs/RifleB_Fire03.uexp" 287
"C:/Users/pitre/OneDrive/Desktop/info-sys-and-proj-methodologies-II-project-mastermind-inc/Mastermind_shooter/Content/Game_asset/Importedasset/MilitaryWeapDark/Sound/Attenuation/WeaponShot_att.uasset" 288
"C:/Users/pitre/OneDrive/Desktop/info-sys-and-proj-methodologies-II-project-mastermind-inc/Mastermind_shooter/Content/Game_asset/Importedasset/MilitaryWeapDark/Sound/Attenuation/WeaponShot_att.uexp" 289
"C:/Users/pitre/OneDrive/Desktop/info-sys-and-proj-methodologies-II-project-mastermind-inc/Mastermind_shooter/Content/Game_asset/Importedasset/MilitaryWeapDark/Sound/Rifle/Wavs/RifleB_Fire_ST02.ubulk" 290
"C:/Users/pitre/OneDrive/Desktop/info-sys-and-proj-methodologies-II-project-mastermind-inc/Mastermind_shooter/Content/Game_asset/Importedasset/MilitaryWeapDark/Sound/Rifle/Wavs/RifleB_Fire_ST02.uasset" 291
"C:/Users/pitre/OneDrive/Desktop/info-sys-and-proj-methodologies-II-project-mastermind-inc/Mastermind_shooter/Content/Game_asset/Importedasset/MilitaryWeapDark/Sound/Rifle/Wavs/RifleB_Fire_ST02.uexp" 292
"C:/Users/pitre/OneDrive/Desktop/info-sys-and-proj-methodologies-II-project-mastermind-inc/Mastermind_shooter/Content/Game_asset/Importedasset/MilitaryWeapDark/Sound/Rifle/Wavs/RifleB_Fire_ST04.ubulk" 293
"C:/Users/pitre/OneDrive/Desktop/info-sys-and-proj-methodologies-II-project-mastermind-inc/Mastermind_shooter/Content/Game_asset/Importedasset/MilitaryWeapDark/Sound/Rifle/Wavs/RifleB_Fire_ST04.uasset" 294
"C:/Users/pitre/OneDrive/Desktop/info-sys-and-proj-methodologies-II-project-mastermind-inc/Mastermind_shooter/Content/Game_asset/Importedasset/MilitaryWeapDark/Sound/Rifle/Wavs/RifleB_Fire_ST04.uexp" 295
"C:/Users/pitre/OneDrive/Desktop/info-sys-and-proj-methodologies-II-project-mastermind-inc/Mastermind_shooter/Content/Game_asset/Importedasset/MilitaryWeapDark/Sound/Rifle/Wavs/RifleB_Fire_ST06.ubulk" 296
"C:/Users/pitre/OneDrive/Desktop/info-sys-and-proj-methodologies-II-project-mastermind-inc/Mastermind_shooter/Content/Game_asset/Importedasset/MilitaryWeapDark/Sound/Rifle/Wavs/RifleB_Fire_ST06.uasset" 297
"C:/Users/pitre/OneDrive/Desktop/info-sys-and-proj-methodologies-II-project-mastermind-inc/Mastermind_shooter/Content/Game_asset/Importedasset/MilitaryWeapDark/Sound/Rifle/Wavs/RifleB_Fire_ST06.uexp" 298
"C:/Users/pitre/OneDrive/Desktop/info-sys-and-proj-methodologies-II-project-mastermind-inc/Mastermind_shooter/Content/Game_asset/Importedasset/MilitaryWeapDark/Sound/Rifle/Wavs/RifleB_Fire_ST05.ubulk" 299
"C:/Users/pitre/OneDrive/Desktop/info-sys-and-proj-methodologies-II-project-mastermind-inc/Mastermind_shooter/Content/Game_asset/Importedasset/MilitaryWeapDark/Sound/Rifle/Wavs/RifleB_Fire_ST05.uasset" 300
"C:/Users/pitre/OneDrive/Desktop/info-sys-and-proj-methodologies-II-project-mastermind-inc/Mastermind_shooter/Content/Game_asset/Importedasset/MilitaryWeapDark/Sound/Rifle/Wavs/RifleB_Fire_ST05.uexp" 301
"C:/Users/pitre/OneDrive/Desktop/info-sys-and-proj-methodologies-II-project-mastermind-inc/Mastermind_shooter/Content/Game_asset/Importedasset/MilitaryWeapDark/Sound/Rifle/RifleB_Fire_Cue.uasset" 302
"C:/Users/pitre/OneDrive/Desktop/info-sys-and-proj-methodologies-II-project-mastermind-inc/Mastermind_shooter/Content/Game_asset/Importedasset/MilitaryWeapDark/Sound/Rifle/RifleB_Fire_Cue.uexp" 303
"C:/Users/pitre/OneDrive/Desktop/info-sys-and-proj-methodologies-II-project-mastermind-inc/Mastermind_shooter/Content/Game_asset/Importedasset/MilitaryWeapDark/Weapons/Assault_Rifle_B_Skeleton.uasset" 304
"C:/Users/pitre/OneDrive/Desktop/info-sys-and-proj-methodologies-II-project-mastermind-inc/Mastermind_shooter/Content/Game_asset/Importedasset/MilitaryWeapDark/Weapons/Assault_Rifle_B_Skeleton.uexp" 305
"C:/Users/pitre/OneDrive/Desktop/info-sys-and-proj-methodologies-II-project-mastermind-inc/Mastermind_shooter/Content/Game_asset/Importedasset/MilitaryWeapDark/Weapons/Anims/Fire_Rifle_W.uasset" 306
"C:/Users/pitre/OneDrive/Desktop/info-sys-and-proj-methodologies-II-project-mastermind-inc/Mastermind_shooter/Content/Game_asset/Importedasset/MilitaryWeapDark/Weapons/Anims/Fire_Rifle_W.uexp" 307
"C:/Users/pitre/OneDrive/Desktop/info-sys-and-proj-methodologies-II-project-mastermind-inc/Mastermind_shooter/Content/Characters/Mannequins/Textures/Manny/T_Manny_02_MSR_MSK.ubulk" 308
"C:/Users/pitre/OneDrive/Desktop/info-sys-and-proj-methodologies-II-project-mastermind-inc/Mastermind_shooter/Content/Characters/Mannequins/Textures/Manny/T_Manny_02_MSR_MSK.uasset" 309
"C:/Users/pitre/OneDrive/Desktop/info-sys-and-proj-methodologies-II-project-mastermind-inc/Mastermind_shooter/Content/Characters/Mannequins/Textures/Manny/T_Manny_02_MSR_MSK.uexp" 310
"C:/Users/pitre/OneDrive/Desktop/info-sys-and-proj-methodologies-II-project-mastermind-inc/Mastermind_shooter/Content/Characters/Mannequins/Textures/Manny/T_Manny_02_CCRCCPlastic_MSK.ubulk" 311
"C:/Users/pitre/OneDrive/Desktop/info-sys-and-proj-methodologies-II-project-mastermind-inc/Mastermind_shooter/Content/Characters/Mannequins/Textures/Manny/T_Manny_02_CCRCCPlastic_MSK.uasset" 312
"C:/Users/pitre/OneDrive/Desktop/info-sys-and-proj-methodologies-II-project-mastermind-inc/Mastermind_shooter/Content/Characters/Mannequins/Textures/Manny/T_Manny_02_CCRCCPlastic_MSK.uexp" 313
"C:/Users/pitre/OneDrive/Desktop/info-sys-and-proj-methodologies-II-project-mastermind-inc/Mastermind_shooter/Content/Characters/Mannequins/Textures/Manny/T_Manny_02_Tan.ubulk" 314
"C:/Users/pitre/OneDrive/Desktop/info-sys-and-proj-methodologies-II-project-mastermind-inc/Mastermind_shooter/Content/Characters/Mannequins/Textures/Manny/T_Manny_02_Tan.uasset" 315
"C:/Users/pitre/OneDrive/Desktop/info-sys-and-proj-methodologies-II-project-mastermind-inc/Mastermind_shooter/Content/Characters/Mannequins/Textures/Manny/T_Manny_02_Tan.uexp" 316
"C:/Users/pitre/OneDrive/Desktop/info-sys-and-proj-methodologies-II-project-mastermind-inc/Mastermind_shooter/Content/Characters/Mannequins/Textures/Manny/T_Manny_02_N.ubulk" 317
"C:/Users/pitre/OneDrive/Desktop/info-sys-and-proj-methodologies-II-project-mastermind-inc/Mastermind_shooter/Content/Characters/Mannequins/Textures/Manny/T_Manny_02_N.uasset" 318
"C:/Users/pitre/OneDrive/Desktop/info-sys-and-proj-methodologies-II-project-mastermind-inc/Mastermind_shooter/Content/Characters/Mannequins/Textures/Manny/T_Manny_02_N.uexp" 319
"C:/Users/pitre/OneDrive/Desktop/info-sys-and-proj-methodologies-II-project-mastermind-inc/Mastermind_shooter/Content/Characters/Mannequins/Textures/Manny/T_Manny_01_N.ubulk" 320
"C:/Users/pitre/OneDrive/Desktop/info-sys-and-proj-methodologies-II-project-mastermind-inc/Mastermind_shooter/Content/Characters/Mannequins/Textures/Manny/T_Manny_01_N.uasset" 321
"C:/Users/pitre/OneDrive/Desktop/info-sys-and-proj-methodologies-II-project-mastermind-inc/Mastermind_shooter/Content/Characters/Mannequins/Textures/Manny/T_Manny_01_N.uexp" 322
"C:/Users/pitre/OneDrive/Desktop/info-sys-and-proj-methodologies-II-project-mastermind-inc/Mastermind_shooter/Content/Characters/Mannequins/Materials/Functions/ChromaticCurve.uasset" 323
"C:/Users/pitre/OneDrive/Desktop/info-sys-and-proj-methodologies-II-project-mastermind-inc/Mastermind_shooter/Content/Characters/Mannequins/Materials/Functions/ChromaticCurve.uexp" 324
"C:/Users/pitre/OneDrive/Desktop/info-sys-and-proj-methodologies-II-project-mastermind-inc/Mastermind_shooter/Content/Characters/Mannequins/Materials/Functions/CA_Mannequin.uasset" 325
"C:/Users/pitre/OneDrive/Desktop/info-sys-and-proj-methodologies-II-project-mastermind-inc/Mastermind_shooter/Content/Characters/Mannequins/Materials/Functions/CA_Mannequin.uexp" 326
"C:/Users/pitre/OneDrive/Desktop/info-sys-and-proj-methodologies-II-project-mastermind-inc/Mastermind_shooter/Content/Characters/Mannequins/Materials/Functions/MF_Diffraction.uasset" 327
"C:/Users/pitre/OneDrive/Desktop/info-sys-and-proj-methodologies-II-project-mastermind-inc/Mastermind_shooter/Content/Characters/Mannequins/Materials/Functions/MF_Diffraction.uexp" 328
"C:/Users/pitre/OneDrive/Desktop/info-sys-and-proj-methodologies-II-project-mastermind-inc/Mastermind_shooter/Content/Characters/Mannequins/Materials/Functions/ML_BaseColorFallOff.uasset" 329
"C:/Users/pitre/OneDrive/Desktop/info-sys-and-proj-methodologies-II-project-mastermind-inc/Mastermind_shooter/Content/Characters/Mannequins/Materials/Functions/ML_BaseColorFallOff.uexp" 330
"../../../Engine/Content/Functions/Engine_MaterialFunctions02/Utility/BreakOutFloat2Components.uasset" 331
"../../../Engine/Content/Functions/Engine_MaterialFunctions02/Utility/BreakOutFloat2Components.uexp" 332
"../../../Engine/Content/Functions/Engine_MaterialFunctions01/Texturing/ScaleUVsByCenter.uasset" 333
"../../../Engine/Content/Functions/Engine_MaterialFunctions01/Texturing/ScaleUVsByCenter.uexp" 334
"C:/Users/pitre/OneDrive/Desktop/info-sys-and-proj-methodologies-II-project-mastermind-inc/Mastermind_shooter/Content/Characters/Mannequins/Textures/Shared/T_UE_Logo_M.uasset" 335
"C:/Users/pitre/OneDrive/Desktop/info-sys-and-proj-methodologies-II-project-mastermind-inc/Mastermind_shooter/Content/Characters/Mannequins/Textures/Shared/T_UE_Logo_M.uexp" 336
"C:/Users/pitre/OneDrive/Desktop/info-sys-and-proj-methodologies-II-project-mastermind-inc/Mastermind_shooter/Content/Characters/Mannequins/Materials/Functions/MF_logo3layers.uasset" 337
"C:/Users/pitre/OneDrive/Desktop/info-sys-and-proj-methodologies-II-project-mastermind-inc/Mastermind_shooter/Content/Characters/Mannequins/Materials/Functions/MF_logo3layers.uexp" 338
"C:/Users/pitre/OneDrive/Desktop/info-sys-and-proj-methodologies-II-project-mastermind-inc/Mastermind_shooter/Content/Characters/Mannequins/Textures/Manny/T_Manny_01_CCRCCPlastic_MSK.ubulk" 339
"C:/Users/pitre/OneDrive/Desktop/info-sys-and-proj-methodologies-II-project-mastermind-inc/Mastermind_shooter/Content/Characters/Mannequins/Textures/Manny/T_Manny_01_CCRCCPlastic_MSK.uasset" 340
"C:/Users/pitre/OneDrive/Desktop/info-sys-and-proj-methodologies-II-project-mastermind-inc/Mastermind_shooter/Content/Characters/Mannequins/Textures/Manny/T_Manny_01_CCRCCPlastic_MSK.uexp" 341
"C:/Users/pitre/OneDrive/Desktop/info-sys-and-proj-methodologies-II-project-mastermind-inc/Mastermind_shooter/Content/Characters/Mannequins/Textures/Manny/T_Manny_01_ASAOPMASK_MSK.ubulk" 342
"C:/Users/pitre/OneDrive/Desktop/info-sys-and-proj-methodologies-II-project-mastermind-inc/Mastermind_shooter/Content/Characters/Mannequins/Textures/Manny/T_Manny_01_ASAOPMASK_MSK.uasset" 343
"C:/Users/pitre/OneDrive/Desktop/info-sys-and-proj-methodologies-II-project-mastermind-inc/Mastermind_shooter/Content/Characters/Mannequins/Textures/Manny/T_Manny_01_ASAOPMASK_MSK.uexp" 344
"C:/Users/pitre/OneDrive/Desktop/info-sys-and-proj-methodologies-II-project-mastermind-inc/Mastermind_shooter/Content/Characters/Mannequins/Textures/Manny/T_Manny_01_MSR_MSK.ubulk" 345
"C:/Users/pitre/OneDrive/Desktop/info-sys-and-proj-methodologies-II-project-mastermind-inc/Mastermind_shooter/Content/Characters/Mannequins/Textures/Manny/T_Manny_01_MSR_MSK.uasset" 346
"C:/Users/pitre/OneDrive/Desktop/info-sys-and-proj-methodologies-II-project-mastermind-inc/Mastermind_shooter/Content/Characters/Mannequins/Textures/Manny/T_Manny_01_MSR_MSK.uexp" 347
"C:/Users/pitre/OneDrive/Desktop/info-sys-and-proj-methodologies-II-project-mastermind-inc/Mastermind_shooter/Content/Characters/Mannequins/Textures/Manny/T_Manny_01_BN.ubulk" 348
"C:/Users/pitre/OneDrive/Desktop/info-sys-and-proj-methodologies-II-project-mastermind-inc/Mastermind_shooter/Content/Characters/Mannequins/Textures/Manny/T_Manny_01_BN.uasset" 349
"C:/Users/pitre/OneDrive/Desktop/info-sys-and-proj-methodologies-II-project-mastermind-inc/Mastermind_shooter/Content/Characters/Mannequins/Textures/Manny/T_Manny_01_BN.uexp" 350
"C:/Users/pitre/OneDrive/Desktop/info-sys-and-proj-methodologies-II-project-mastermind-inc/Mastermind_shooter/Content/Characters/Mannequins/Textures/Manny/T_Manny_01_D.ubulk" 351
"C:/Users/pitre/OneDrive/Desktop/info-sys-and-proj-methodologies-II-project-mastermind-inc/Mastermind_shooter/Content/Characters/Mannequins/Textures/Manny/T_Manny_01_D.uasset" 352
"C:/Users/pitre/OneDrive/Desktop/info-sys-and-proj-methodologies-II-project-mastermind-inc/Mastermind_shooter/Content/Characters/Mannequins/Textures/Manny/T_Manny_01_D.uexp" 353
"C:/Users/pitre/OneDrive/Desktop/info-sys-and-proj-methodologies-II-project-mastermind-inc/Mastermind_shooter/Content/Characters/Mannequins/Textures/Manny/T_Manny_01_Tan.ubulk" 354
"C:/Users/pitre/OneDrive/Desktop/info-sys-and-proj-methodologies-II-project-mastermind-inc/Mastermind_shooter/Content/Characters/Mannequins/Textures/Manny/T_Manny_01_Tan.uasset" 355
"C:/Users/pitre/OneDrive/Desktop/info-sys-and-proj-methodologies-II-project-mastermind-inc/Mastermind_shooter/Content/Characters/Mannequins/Textures/Manny/T_Manny_01_Tan.uexp" 356
"C:/Users/pitre/OneDrive/Desktop/info-sys-and-proj-methodologies-II-project-mastermind-inc/Mastermind_shooter/Content/Characters/Mannequins/Materials/M_Mannequin.uasset" 357
"C:/Users/pitre/OneDrive/Desktop/info-sys-and-proj-methodologies-II-project-mastermind-inc/Mastermind_shooter/Content/Characters/Mannequins/Materials/M_Mannequin.uexp" 358
"C:/Users/pitre/OneDrive/Desktop/info-sys-and-proj-methodologies-II-project-mastermind-inc/Mastermind_shooter/Content/Characters/Mannequins/Materials/Instances/Manny/MI_Manny_01.uasset" 359
"C:/Users/pitre/OneDrive/Desktop/info-sys-and-proj-methodologies-II-project-mastermind-inc/Mastermind_shooter/Content/Characters/Mannequins/Materials/Instances/Manny/MI_Manny_01.uexp" 360
"C:/Users/pitre/OneDrive/Desktop/info-sys-and-proj-methodologies-II-project-mastermind-inc/Mastermind_shooter/Content/Characters/Mannequins/Textures/Manny/T_Manny_02_ASAOPMASK_MSK.ubulk" 361
"C:/Users/pitre/OneDrive/Desktop/info-sys-and-proj-methodologies-II-project-mastermind-inc/Mastermind_shooter/Content/Characters/Mannequins/Textures/Manny/T_Manny_02_ASAOPMASK_MSK.uasset" 362
"C:/Users/pitre/OneDrive/Desktop/info-sys-and-proj-methodologies-II-project-mastermind-inc/Mastermind_shooter/Content/Characters/Mannequins/Textures/Manny/T_Manny_02_ASAOPMASK_MSK.uexp" 363
"C:/Users/pitre/OneDrive/Desktop/info-sys-and-proj-methodologies-II-project-mastermind-inc/Mastermind_shooter/Content/Characters/Mannequins/Textures/Manny/T_Manny_02_D.ubulk" 364
"C:/Users/pitre/OneDrive/Desktop/info-sys-and-proj-methodologies-II-project-mastermind-inc/Mastermind_shooter/Content/Characters/Mannequins/Textures/Manny/T_Manny_02_D.uasset" 365
"C:/Users/pitre/OneDrive/Desktop/info-sys-and-proj-methodologies-II-project-mastermind-inc/Mastermind_shooter/Content/Characters/Mannequins/Textures/Manny/T_Manny_02_D.uexp" 366
"C:/Users/pitre/OneDrive/Desktop/info-sys-and-proj-methodologies-II-project-mastermind-inc/Mastermind_shooter/Content/Characters/Mannequins/Materials/Instances/Manny/MI_Manny_02.uasset" 367
"C:/Users/pitre/OneDrive/Desktop/info-sys-and-proj-methodologies-II-project-mastermind-inc/Mastermind_shooter/Content/Characters/Mannequins/Materials/Instances/Manny/MI_Manny_02.uexp" 368
"C:/Users/pitre/OneDrive/Desktop/info-sys-and-proj-methodologies-II-project-mastermind-inc/Mastermind_shooter/Content/Characters/Mannequins/Rigs/PA_Mannequin.uasset" 369
"C:/Users/pitre/OneDrive/Desktop/info-sys-and-proj-methodologies-II-project-mastermind-inc/Mastermind_shooter/Content/Characters/Mannequins/Rigs/PA_Mannequin.uexp" 370
"C:/Users/pitre/OneDrive/Desktop/info-sys-and-proj-methodologies-II-project-mastermind-inc/Mastermind_shooter/Content/Game_asset/Playercharacter/Mesh/SKM_Manny_Simple.uasset" 371
"C:/Users/pitre/OneDrive/Desktop/info-sys-and-proj-methodologies-II-project-mastermind-inc/Mastermind_shooter/Content/Game_asset/Playercharacter/Mesh/SKM_Manny_Simple.uexp" 372
"C:/Users/pitre/OneDrive/Desktop/info-sys-and-proj-methodologies-II-project-mastermind-inc/Mastermind_shooter/Content/Game_asset/Importedasset/MilitaryWeapDark/Weapons/Assault_Rifle_B_PhysicsAsset.uasset" 373
"C:/Users/pitre/OneDrive/Desktop/info-sys-and-proj-methodologies-II-project-mastermind-inc/Mastermind_shooter/Content/Game_asset/Importedasset/MilitaryWeapDark/Weapons/Assault_Rifle_B_PhysicsAsset.uexp" 374
"C:/Users/pitre/OneDrive/Desktop/info-sys-and-proj-methodologies-II-project-mastermind-inc/Mastermind_shooter/Content/Game_asset/Importedasset/MilitaryWeapDark/Weapons/Textures/Assault_Rifle_B_Masks.ubulk" 375
"C:/Users/pitre/OneDrive/Desktop/info-sys-and-proj-methodologies-II-project-mastermind-inc/Mastermind_shooter/Content/Game_asset/Importedasset/MilitaryWeapDark/Weapons/Textures/Assault_Rifle_B_Masks.uasset" 376
"C:/Users/pitre/OneDrive/Desktop/info-sys-and-proj-methodologies-II-project-mastermind-inc/Mastermind_shooter/Content/Game_asset/Importedasset/MilitaryWeapDark/Weapons/Textures/Assault_Rifle_B_Masks.uexp" 377
"C:/Users/pitre/OneDrive/Desktop/info-sys-and-proj-methodologies-II-project-mastermind-inc/Mastermind_shooter/Content/Game_asset/Importedasset/MilitaryWeapDark/Weapons/Textures/Assault_Rifle_B_Norm.ubulk" 378
"C:/Users/pitre/OneDrive/Desktop/info-sys-and-proj-methodologies-II-project-mastermind-inc/Mastermind_shooter/Content/Game_asset/Importedasset/MilitaryWeapDark/Weapons/Textures/Assault_Rifle_B_Norm.uasset" 379
"C:/Users/pitre/OneDrive/Desktop/info-sys-and-proj-methodologies-II-project-mastermind-inc/Mastermind_shooter/Content/Game_asset/Importedasset/MilitaryWeapDark/Weapons/Textures/Assault_Rifle_B_Norm.uexp" 380
"C:/Users/pitre/OneDrive/Desktop/info-sys-and-proj-methodologies-II-project-mastermind-inc/Mastermind_shooter/Content/Game_asset/Importedasset/MilitaryWeapDark/Weapons/Textures/Assault_Rifle_B_Diff.ubulk" 381
"C:/Users/pitre/OneDrive/Desktop/info-sys-and-proj-methodologies-II-project-mastermind-inc/Mastermind_shooter/Content/Game_asset/Importedasset/MilitaryWeapDark/Weapons/Textures/Assault_Rifle_B_Diff.uasset" 382
"C:/Users/pitre/OneDrive/Desktop/info-sys-and-proj-methodologies-II-project-mastermind-inc/Mastermind_shooter/Content/Game_asset/Importedasset/MilitaryWeapDark/Weapons/Textures/Assault_Rifle_B_Diff.uexp" 383
"C:/Users/pitre/OneDrive/Desktop/info-sys-and-proj-methodologies-II-project-mastermind-inc/Mastermind_shooter/Content/Game_asset/Importedasset/MilitaryWeapDark/Weapons/Materials/M_WeaponMaster_01.uasset" 384
"C:/Users/pitre/OneDrive/Desktop/info-sys-and-proj-methodologies-II-project-mastermind-inc/Mastermind_shooter/Content/Game_asset/Importedasset/MilitaryWeapDark/Weapons/Materials/M_WeaponMaster_01.uexp" 385
"C:/Users/pitre/OneDrive/Desktop/info-sys-and-proj-methodologies-II-project-mastermind-inc/Mastermind_shooter/Content/Game_asset/Importedasset/MilitaryWeapDark/Weapons/Materials/M_AssaultRifle_01.uasset" 386
"C:/Users/pitre/OneDrive/Desktop/info-sys-and-proj-methodologies-II-project-mastermind-inc/Mastermind_shooter/Content/Game_asset/Importedasset/MilitaryWeapDark/Weapons/Materials/M_AssaultRifle_01.uexp" 387
"C:/Users/pitre/OneDrive/Desktop/info-sys-and-proj-methodologies-II-project-mastermind-inc/Mastermind_shooter/Content/Game_asset/Importedasset/MilitaryWeapDark/Weapons/Assault_Rifle_B.uasset" 388
"C:/Users/pitre/OneDrive/Desktop/info-sys-and-proj-methodologies-II-project-mastermind-inc/Mastermind_shooter/Content/Game_asset/Importedasset/MilitaryWeapDark/Weapons/Assault_Rifle_B.uexp" 389
"C:/Users/pitre/OneDrive/Desktop/info-sys-and-proj-methodologies-II-project-mastermind-inc/Mastermind_shooter/Content/Game_asset/Playercharacter/BP_Player.uasset" 390
"C:/Users/pitre/OneDrive/Desktop/info-sys-and-proj-methodologies-II-project-mastermind-inc/Mastermind_shooter/Content/Game_asset/Playercharacter/BP_Player.uexp" 391
"../../../Engine/Content/EngineMaterials/Substrate/GLints/AGlintTex2dArray.uasset" 392
"../../../Engine/Content/EngineMaterials/Substrate/GLints/AGlintTex2dArray.uexp" 393
"../../../Engine/Content/EngineMaterials/Substrate/GLints2/AGlintTex2dArray2.uasset" 394
"../../../Engine/Content/EngineMaterials/Substrate/GLints2/AGlintTex2dArray2.uexp" 395
"../../../Engine/Content/EditorMaterials/Dataflow/DataflowTwoSidedVertexMaterial.uasset" 396
"../../../Engine/Content/EditorMaterials/Dataflow/DataflowTwoSidedVertexMaterial.uexp" 397
"../../../Engine/Content/EditorMaterials/Dataflow/DataflowVertexMaterial.uasset" 398
"../../../Engine/Content/EditorMaterials/Dataflow/DataflowVertexMaterial.uexp" 399
"../../../Engine/Content/BasicShapes/BasicShapeMaterial.uasset" 400
"../../../Engine/Content/BasicShapes/BasicShapeMaterial.uexp" 401
"../../../Engine/Content/EditorMaterials/PhAT_NoCollisionMaterial.uasset" 402
"../../../Engine/Content/EditorMaterials/PhAT_NoCollisionMaterial.uexp" 403
"../../../Engine/Content/EditorMaterials/PhAT_UnselectedMaterial.uasset" 404
"../../../Engine/Content/EditorMaterials/PhAT_UnselectedMaterial.uexp" 405
"../../../Engine/Content/EditorMaterials/PreviewShadowIndicator.ubulk" 406
"../../../Engine/Content/EditorMaterials/PreviewShadowIndicator.uasset" 407
"../../../Engine/Content/EditorMaterials/PreviewShadowIndicator.uexp" 408
"../../../Engine/Content/EditorMaterials/PreviewShadowIndicatorMaterial.uasset" 409
"../../../Engine/Content/EditorMaterials/PreviewShadowIndicatorMaterial.uexp" 410
"../../../Engine/Content/EngineDebugMaterials/DebugEditorMaterial.uasset" 411
"../../../Engine/Content/EngineDebugMaterials/DebugEditorMaterial.uexp" 412
"../../../Engine/Content/EngineDebugMaterials/DebugMeshMaterial.uasset" 413
"../../../Engine/Content/EngineDebugMaterials/DebugMeshMaterial.uexp" 414
"../../../Engine/Content/EngineDebugMaterials/M_SimpleUnlitTranslucent.uasset" 415
"../../../Engine/Content/EngineDebugMaterials/M_SimpleUnlitTranslucent.uexp" 416
"../../../Engine/Content/Functions/Engine_MaterialFunctions02/Utility/CameraDirectionVector.uasset" 417
"../../../Engine/Content/Functions/Engine_MaterialFunctions02/Utility/CameraDirectionVector.uexp" 418
"../../../Engine/Content/EngineDebugMaterials/VolumeToRender.uasset" 419
"../../../Engine/Content/EngineDebugMaterials/VolumeToRender.uexp" 420
"../../../Engine/Content/EngineDebugMaterials/M_VolumeRenderSphereTracePP.uasset" 421
"../../../Engine/Content/EngineDebugMaterials/M_VolumeRenderSphereTracePP.uexp" 422
"../../../Engine/Content/EngineMaterials/DefaultDiffuse.ubulk" 423
"../../../Engine/Content/EngineMaterials/DefaultDiffuse.uasset" 424
"../../../Engine/Content/EngineMaterials/DefaultDiffuse.uexp" 425
"../../../Engine/Content/EngineMaterials/DefaultDeferredDecalMaterial.uasset" 426
"../../../Engine/Content/EngineMaterials/DefaultDeferredDecalMaterial.uexp" 427
"../../../Engine/Content/EngineMaterials/DefaultLightFunctionMaterial.uasset" 428
"../../../Engine/Content/EngineMaterials/DefaultLightFunctionMaterial.uexp" 429
"../../../Engine/Content/EngineMaterials/DefaultPostProcessMaterial.uasset" 430
"../../../Engine/Content/EngineMaterials/DefaultPostProcessMaterial.uexp" 431
"../../../Engine/Content/EngineFonts/RobotoDistanceField.uasset" 432
"../../../Engine/Content/EngineFonts/RobotoDistanceField.uexp" 433
"../../../Engine/Content/EngineMaterials/DefaultTextMaterialOpaque.uasset" 434
"../../../Engine/Content/EngineMaterials/DefaultTextMaterialOpaque.uexp" 435
"../../../Engine/Content/EngineMaterials/DefaultWhiteGrid_Low.uasset" 436
"../../../Engine/Content/EngineMaterials/DefaultWhiteGrid_Low.uexp" 437
"../../../Engine/Content/EngineMaterials/EmissiveMeshMaterial.uasset" 438
"../../../Engine/Content/EngineMaterials/EmissiveMeshMaterial.uexp" 439
"../../../Engine/Content/EngineMaterials/BaseFlattenNormalMap.uasset" 440
"../../../Engine/Content/EngineMaterials/BaseFlattenNormalMap.uexp" 441
"../../../Engine/Content/EngineMaterials/BaseFlattenGrayscaleMap.uasset" 442
"../../../Engine/Content/EngineMaterials/BaseFlattenGrayscaleMap.uexp" 443
"../../../Engine/Content/EngineMaterials/BaseFlattenDiffuseMap.uasset" 444
"../../../Engine/Content/EngineMaterials/BaseFlattenDiffuseMap.uexp" 445
"../../../Engine/Content/Functions/Engine_MaterialFunctions02/PivotPainter2/Black_1x1_EXR_Texture.uasset" 446
"../../../Engine/Content/Functions/Engine_MaterialFunctions02/PivotPainter2/Black_1x1_EXR_Texture.uexp" 447
"../../../Engine/Content/EngineMaterials/BaseFlattenEmissiveMap.uasset" 448
"../../../Engine/Content/EngineMaterials/BaseFlattenEmissiveMap.uexp" 449
"../../../Engine/Content/EngineMaterials/BaseFlattenLinearColor.uasset" 450
"../../../Engine/Content/EngineMaterials/BaseFlattenLinearColor.uexp" 451
"../../../Engine/Content/EngineMaterials/FlattenMaterial.uasset" 452
"../../../Engine/Content/EngineMaterials/FlattenMaterial.uexp" 453
"../../../Engine/Content/EngineMaterials/BaseFlattenEmissiveMap_VT.uasset" 454
"../../../Engine/Content/EngineMaterials/BaseFlattenEmissiveMap_VT.uexp" 455
"../../../Engine/Content/EngineMaterials/BaseFlattenGrayscaleMap_VT.uasset" 456
"../../../Engine/Content/EngineMaterials/BaseFlattenGrayscaleMap_VT.uexp" 457
"../../../Engine/Content/EngineMaterials/BaseFlattenLinearColor_VT.uasset" 458
"../../../Engine/Content/EngineMaterials/BaseFlattenLinearColor_VT.uexp" 459
"../../../Engine/Content/EngineMaterials/Black_1x1_EXR_Texture_VT.uasset" 460
"../../../Engine/Content/EngineMaterials/Black_1x1_EXR_Texture_VT.uexp" 461
"../../../Engine/Content/EngineMaterials/BaseFlattenDiffuseMap_VT.uasset" 462
"../../../Engine/Content/EngineMaterials/BaseFlattenDiffuseMap_VT.uexp" 463
"../../../Engine/Content/EngineMaterials/BaseFlattenNormalMap_VT.uasset" 464
"../../../Engine/Content/EngineMaterials/BaseFlattenNormalMap_VT.uexp" 465
"../../../Engine/Content/EngineMaterials/FlattenMaterial_VT.uasset" 466
"../../../Engine/Content/EngineMaterials/FlattenMaterial_VT.uexp" 467
"../../../Engine/Content/EngineMaterials/FlattenMaterial_WS_Normal_VT.uasset" 468
"../../../Engine/Content/EngineMaterials/FlattenMaterial_WS_Normal_VT.uexp" 469
"../../../Engine/Content/EngineMaterials/GizmoMaterial.uasset" 470
"../../../Engine/Content/EngineMaterials/GizmoMaterial.uexp" 471
"../../../Engine/Content/EngineMaterials/InvalidLightmapSettings.ubulk" 472
"../../../Engine/Content/EngineMaterials/InvalidLightmapSettings.uasset" 473
"../../../Engine/Content/EngineMaterials/InvalidLightmapSettings.uexp" 474
"../../../Engine/Content/EngineMaterials/M_InvalidLightmapSettings.uasset" 475
"../../../Engine/Content/EngineMaterials/M_InvalidLightmapSettings.uexp" 476
"../../../Engine/Content/EngineMaterials/NaniteHiddenSectionMaterial.uasset" 477
"../../../Engine/Content/EngineMaterials/NaniteHiddenSectionMaterial.uexp" 478
"../../../Engine/Content/Functions/Engine_MaterialFunctions02/WorldPositionOffset/CameraOffset.uasset" 479
"../../../Engine/Content/Functions/Engine_MaterialFunctions02/WorldPositionOffset/CameraOffset.uexp" 480
"../../../Engine/Content/EngineMaterials/PhAT_JointLimitMaterial.uasset" 481
"../../../Engine/Content/EngineMaterials/PhAT_JointLimitMaterial.uexp" 482
"../../../Engine/Content/EngineMaterials/DefaultCalibrationColor.uasset" 483
"../../../Engine/Content/EngineMaterials/DefaultCalibrationColor.uexp" 484
"../../../Engine/Content/EngineMaterials/PPM_DefaultCalibrationColor.uasset" 485
"../../../Engine/Content/EngineMaterials/PPM_DefaultCalibrationColor.uexp" 486
"../../../Engine/Content/EngineMaterials/DefaultCalibrationGrayscale.uasset" 487
"../../../Engine/Content/EngineMaterials/DefaultCalibrationGrayscale.uexp" 488
"../../../Engine/Content/EngineMaterials/PPM_DefaultCalibrationGrayscale.uasset" 489
"../../../Engine/Content/EngineMaterials/PPM_DefaultCalibrationGrayscale.uexp" 490
"../../../Engine/Content/EngineMaterials/RemoveSurfaceMaterial.uasset" 491
"../../../Engine/Content/EngineMaterials/RemoveSurfaceMaterial.uexp" 492
"../../../Engine/Content/EngineMaterials/WeightMapPlaceholderTexture.uasset" 493
"../../../Engine/Content/EngineMaterials/WeightMapPlaceholderTexture.uexp" 494
"../../../Engine/Content/EngineMaterials/WeightMapArrayPlaceholderTexture.uasset" 495
"../../../Engine/Content/EngineMaterials/WeightMapArrayPlaceholderTexture.uexp" 496
"../../../Engine/Plugins/Animation/ControlRig/Content/Controls/ControlRigGizmoMaterial.uasset" 497
"../../../Engine/Plugins/Animation/ControlRig/Content/Controls/ControlRigGizmoMaterial.uexp" 498
"../../../Engine/Plugins/Animation/ControlRig/Content/Controls/ControlRigXRayMaterial.uasset" 499
"../../../Engine/Plugins/Animation/ControlRig/Content/Controls/ControlRigXRayMaterial.uexp" 500
"../../../Engine/Plugins/Animation/ControlRig/Content/M_Manip.uasset" 501
"../../../Engine/Plugins/Animation/ControlRig/Content/M_Manip.uexp" 502
"../../../Engine/Plugins/Editor/SpeedTreeImporter/Content/SpeedTree9/game_wind_noise.ubulk" 503
"../../../Engine/Plugins/Editor/SpeedTreeImporter/Content/SpeedTree9/game_wind_noise.uasset" 504
"../../../Engine/Plugins/Editor/SpeedTreeImporter/Content/SpeedTree9/game_wind_noise.uexp" 505
"../../../Engine/Plugins/Editor/SpeedTreeImporter/Content/SpeedTree9/UnpackDirection.uasset" 506
"../../../Engine/Plugins/Editor/SpeedTreeImporter/Content/SpeedTree9/UnpackDirection.uexp" 507
"../../../Engine/Content/Functions/Engine_MaterialFunctions02/ObjectLocalBounds.uasset" 508
"../../../Engine/Content/Functions/Engine_MaterialFunctions02/ObjectLocalBounds.uexp" 509
"../../../Engine/Content/Functions/Engine_MaterialFunctions02/Utility/BreakOutFloat3Components.uasset" 510
"../../../Engine/Content/Functions/Engine_MaterialFunctions02/Utility/BreakOutFloat3Components.uexp" 511
"../../../Engine/Content/Functions/Engine_MaterialFunctions02/UVs/BoundingBoxBased_0-1_UVW.uasset" 512
"../../../Engine/Content/Functions/Engine_MaterialFunctions02/UVs/BoundingBoxBased_0-1_UVW.uexp" 513
"../../../Engine/Plugins/Editor/SpeedTreeImporter/Content/SpeedTree9/SpeedTreeBillboard.uasset" 514
"../../../Engine/Plugins/Editor/SpeedTreeImporter/Content/SpeedTree9/SpeedTreeBillboard.uexp" 515
"../../../Engine/Content/Functions/Engine_MaterialFunctions02/Utility/VectorLength.uasset" 516
"../../../Engine/Content/Functions/Engine_MaterialFunctions02/Utility/VectorLength.uexp" 517
"../../../Engine/Plugins/Editor/SpeedTreeImporter/Content/SpeedTree9/UnpackInteger3.uasset" 518
"../../../Engine/Plugins/Editor/SpeedTreeImporter/Content/SpeedTree9/UnpackInteger3.uexp" 519
"../../../Engine/Content/Functions/Engine_MaterialFunctions02/WorldPositionOffset/ObjectScale.uasset" 520
"../../../Engine/Content/Functions/Engine_MaterialFunctions02/WorldPositionOffset/ObjectScale.uexp" 521
"../../../Engine/Content/Functions/Engine_MaterialFunctions02/SafeNormalize.uasset" 522
"../../../Engine/Content/Functions/Engine_MaterialFunctions02/SafeNormalize.uexp" 523
"../../../Engine/Plugins/Editor/SpeedTreeImporter/Content/SpeedTree9/SpeedTreeWindMotion.uasset" 524
"../../../Engine/Plugins/Editor/SpeedTreeImporter/Content/SpeedTree9/SpeedTreeWindMotion.uexp" 525
"../../../Engine/Plugins/Editor/SpeedTreeImporter/Content/SpeedTree9/SpeedTreeBranchMotion.uasset" 526
"../../../Engine/Plugins/Editor/SpeedTreeImporter/Content/SpeedTree9/SpeedTreeBranchMotion.uexp" 527
"../../../Engine/Plugins/Editor/SpeedTreeImporter/Content/SpeedTree9/SpeedTreeWind.uasset" 528
"../../../Engine/Plugins/Editor/SpeedTreeImporter/Content/SpeedTree9/SpeedTreeWind.uexp" 529
"../../../Engine/Plugins/Editor/SpeedTreeImporter/Content/SpeedTree9/EmptyNormal.uasset" 530
"../../../Engine/Plugins/Editor/SpeedTreeImporter/Content/SpeedTree9/EmptyNormal.uexp" 531
"../../../Engine/Plugins/Editor/SpeedTreeImporter/Content/SpeedTree9/Empty.uasset" 532
"../../../Engine/Plugins/Editor/SpeedTreeImporter/Content/SpeedTree9/Empty.uexp" 533
"../../../Engine/Plugins/Editor/SpeedTreeImporter/Content/SpeedTree9/SpeedTreeBillboardMaster.uasset" 534
"../../../Engine/Plugins/Editor/SpeedTreeImporter/Content/SpeedTree9/SpeedTreeBillboardMaster.uexp" 535
"../../../Engine/Plugins/Editor/SpeedTreeImporter/Content/SpeedTree9/SpeedTreeCameraFacing.uasset" 536
"../../../Engine/Plugins/Editor/SpeedTreeImporter/Content/SpeedTree9/SpeedTreeCameraFacing.uexp" 537
"../../../Engine/Plugins/Editor/SpeedTreeImporter/Content/SpeedTree9/SpeedTreeMaster.uasset" 538
"../../../Engine/Plugins/Editor/SpeedTreeImporter/Content/SpeedTree9/SpeedTreeMaster.uexp" 539
"../../../Engine/Plugins/Interchange/Assets/Content/Functions/MX_AbsorptionVDF.uasset" 540
"../../../Engine/Plugins/Interchange/Assets/Content/Functions/MX_AbsorptionVDF.uexp" 541
"../../../Engine/Plugins/Interchange/Assets/Content/Functions/MX_AnisotropicVDF.uasset" 542
"../../../Engine/Plugins/Interchange/Assets/Content/Functions/MX_AnisotropicVDF.uexp" 543
"../../../Engine/Plugins/Interchange/Assets/Content/Functions/MX_BurleyDiffuseBSDF.uasset" 544
"../../../Engine/Plugins/Interchange/Assets/Content/Functions/MX_BurleyDiffuseBSDF.uexp" 545
"../../../Engine/Plugins/Interchange/Assets/Content/Functions/MX_ConductorBSDF.uasset" 546
"../../../Engine/Plugins/Interchange/Assets/Content/Functions/MX_ConductorBSDF.uexp" 547
"../../../Engine/Plugins/Interchange/Assets/Content/Functions/MX_ConicalEDF.uasset" 548
"../../../Engine/Plugins/Interchange/Assets/Content/Functions/MX_ConicalEDF.uexp" 549
"../../../Engine/Plugins/Interchange/Assets/Content/Functions/MX_DielectricBSDF.uasset" 550
"../../../Engine/Plugins/Interchange/Assets/Content/Functions/MX_DielectricBSDF.uexp" 551
"../../../Engine/Plugins/Interchange/Assets/Content/Functions/MX_GeneralizedSchlickBSDF.uasset" 552
"../../../Engine/Plugins/Interchange/Assets/Content/Functions/MX_GeneralizedSchlickBSDF.uexp" 553
"../../../Engine/Plugins/Interchange/Assets/Content/Functions/MX_MeasuredEDF.uasset" 554
"../../../Engine/Plugins/Interchange/Assets/Content/Functions/MX_MeasuredEDF.uexp" 555
"../../../Engine/Plugins/Interchange/Assets/Content/Utilities/New_LUT.uasset" 556
"../../../Engine/Plugins/Interchange/Assets/Content/Utilities/New_LUT.uexp" 557
"../../../Engine/Content/Functions/Engine_MaterialFunctions03/Math/RemapValueRange.uasset" 558
"../../../Engine/Content/Functions/Engine_MaterialFunctions03/Math/RemapValueRange.uexp" 559
"../../../Engine/Plugins/Interchange/Assets/Content/Functions/MF_Iridescence.uasset" 560
"../../../Engine/Plugins/Interchange/Assets/Content/Functions/MF_Iridescence.uexp" 561
"../../../Engine/Plugins/Interchange/Assets/Content/Functions/MX_StandardSurface.uasset" 562
"../../../Engine/Plugins/Interchange/Assets/Content/Functions/MX_StandardSurface.uexp" 563
"../../../Engine/Plugins/Interchange/Assets/Content/Functions/MX_OpenPBR_Opaque.uasset" 564
"../../../Engine/Plugins/Interchange/Assets/Content/Functions/MX_OpenPBR_Opaque.uexp" 565
"../../../Engine/Plugins/Interchange/Assets/Content/Functions/MX_TransmissionSurface.uasset" 566
"../../../Engine/Plugins/Interchange/Assets/Content/Functions/MX_TransmissionSurface.uexp" 567
"../../../Engine/Plugins/Interchange/Assets/Content/Functions/MX_OpenPBR_Translucent.uasset" 568
"../../../Engine/Plugins/Interchange/Assets/Content/Functions/MX_OpenPBR_Translucent.uexp" 569
"../../../Engine/Plugins/Interchange/Assets/Content/Functions/MX_OrenNayarBSDF.uasset" 570
"../../../Engine/Plugins/Interchange/Assets/Content/Functions/MX_OrenNayarBSDF.uexp" 571
"../../../Engine/Plugins/Interchange/Assets/Content/Functions/MX_SheenBSDF.uasset" 572
"../../../Engine/Plugins/Interchange/Assets/Content/Functions/MX_SheenBSDF.uexp" 573
"../../../Engine/Plugins/Interchange/Assets/Content/Functions/MX_SubsurfaceBSDF.uasset" 574
"../../../Engine/Plugins/Interchange/Assets/Content/Functions/MX_SubsurfaceBSDF.uexp" 575
"../../../Engine/Plugins/Interchange/Assets/Content/Functions/MX_Surface.uasset" 576
"../../../Engine/Plugins/Interchange/Assets/Content/Functions/MX_Surface.uexp" 577
"../../../Engine/Plugins/Interchange/Assets/Content/Functions/MX_SurfaceUnlit.uasset" 578
"../../../Engine/Plugins/Interchange/Assets/Content/Functions/MX_SurfaceUnlit.uexp" 579
"../../../Engine/Plugins/Interchange/Assets/Content/Functions/MX_ThinFilmBSDF.uasset" 580
"../../../Engine/Plugins/Interchange/Assets/Content/Functions/MX_ThinFilmBSDF.uexp" 581
"../../../Engine/Plugins/Interchange/Assets/Content/Functions/MX_TranslucentBSDF.uasset" 582
"../../../Engine/Plugins/Interchange/Assets/Content/Functions/MX_TranslucentBSDF.uexp" 583
"../../../Engine/Plugins/Interchange/Assets/Content/Functions/MX_UniformEDF.uasset" 584
"../../../Engine/Plugins/Interchange/Assets/Content/Functions/MX_UniformEDF.uexp" 585
"../../../Engine/Plugins/Interchange/Assets/Content/Functions/MX_UsdPreviewSurface.uasset" 586
"../../../Engine/Plugins/Interchange/Assets/Content/Functions/MX_UsdPreviewSurface.uexp" 587
"../../../Engine/Plugins/NNE/NNEDenoiser/Content/NNEDIM_ColorAlbedoNormal_Alpha.uasset" 588
"../../../Engine/Plugins/NNE/NNEDenoiser/Content/NNEDIM_ColorAlbedoNormal_Alpha.uexp" 589
"../../../Engine/Plugins/NNE/NNEDenoiser/Content/NNEDIM_ColorAlbedoNormal_Default.uasset" 590
"../../../Engine/Plugins/NNE/NNEDenoiser/Content/NNEDIM_ColorAlbedoNormal_Default.uexp" 591
"../../../Engine/Plugins/NNE/NNEDenoiser/Content/NNEDIM_HighQuality_Alpha.uasset" 592
"../../../Engine/Plugins/NNE/NNEDenoiser/Content/NNEDIM_HighQuality_Alpha.uexp" 593
"../../../Engine/Plugins/NNE/NNEDenoiser/Content/NNEDIM_HighQuality_Default.uasset" 594
"../../../Engine/Plugins/NNE/NNEDenoiser/Content/NNEDIM_HighQuality_Default.uexp" 595
"../../../Engine/Plugins/NNE/NNEDenoiser/Content/NNEDOM_Output_Alpha.uasset" 596
"../../../Engine/Plugins/NNE/NNEDenoiser/Content/NNEDOM_Output_Alpha.uexp" 597
"../../../Engine/Plugins/NNE/NNEDenoiser/Content/NNEDOM_Output_Default.uasset" 598
"../../../Engine/Plugins/NNE/NNEDenoiser/Content/NNEDOM_Output_Default.uexp" 599
"../../../Engine/Plugins/NNE/NNEDenoiser/Content/NNEDTIM_ColorAlbedoNormal_Alpha.uasset" 600
"../../../Engine/Plugins/NNE/NNEDenoiser/Content/NNEDTIM_ColorAlbedoNormal_Alpha.uexp" 601
"../../../Engine/Plugins/NNE/NNEDenoiser/Content/NNEDTIM_ColorAlbedoNormal_Default.uasset" 602
"../../../Engine/Plugins/NNE/NNEDenoiser/Content/NNEDTIM_ColorAlbedoNormal_Default.uexp" 603
"../../../Engine/Plugins/NNE/NNEDenoiser/Content/NNEDTOM_Output_Alpha.uasset" 604
"../../../Engine/Plugins/NNE/NNEDenoiser/Content/NNEDTOM_Output_Alpha.uexp" 605
"../../../Engine/Plugins/NNE/NNEDenoiser/Content/NNEDTOM_Output_Default.uasset" 606
"../../../Engine/Plugins/NNE/NNEDenoiser/Content/NNEDTOM_Output_Default.uexp" 607
"../../../Engine/Plugins/Runtime/HairStrands/Content/Materials/HairCardsDefaultMaterial.uasset" 608
"../../../Engine/Plugins/Runtime/HairStrands/Content/Materials/HairCardsDefaultMaterial.uexp" 609
"../../../Engine/Plugins/Runtime/HairStrands/Content/Materials/HairGroupColors.uasset" 610
"../../../Engine/Plugins/Runtime/HairStrands/Content/Materials/HairGroupColors.uexp" 611
"../../../Engine/Content/Functions/Engine_MaterialFunctions02/Utility/MakeFloat2.uasset" 612
"../../../Engine/Content/Functions/Engine_MaterialFunctions02/Utility/MakeFloat2.uexp" 613
"../../../Engine/Content/Functions/Engine_MaterialFunctions02/Utility/MakeFloat3.uasset" 614
"../../../Engine/Content/Functions/Engine_MaterialFunctions02/Utility/MakeFloat3.uexp" 615
"../../../Engine/Content/EngineMaterials/HairColorMap.uasset" 616
"../../../Engine/Content/EngineMaterials/HairColorMap.uexp" 617
"../../../Engine/Content/EngineMaterials/HairDebugColor.uasset" 618
"../../../Engine/Content/EngineMaterials/HairDebugColor.uexp" 619
"../../../Engine/Plugins/Runtime/HairStrands/Content/Materials/HairDebugMaterial.uasset" 620
"../../../Engine/Plugins/Runtime/HairStrands/Content/Materials/HairDebugMaterial.uexp" 621
"../../../Engine/Plugins/Runtime/HairStrands/Content/Materials/HairDefaultMaterial.uasset" 622
"../../../Engine/Plugins/Runtime/HairStrands/Content/Materials/HairDefaultMaterial.uexp" 623
"../../../Engine/Plugins/Runtime/HairStrands/Content/Materials/HairMeshesDefaultMaterial.uasset" 624
"../../../Engine/Plugins/Runtime/HairStrands/Content/Materials/HairMeshesDefaultMaterial.uexp" 625
"../../../Engine/Plugins/Runtime/MeshModelingToolset/Content/Materials/M_DynamicMeshComponentVtxColor.uasset" 626
"../../../Engine/Plugins/Runtime/MeshModelingToolset/Content/Materials/M_DynamicMeshComponentVtxColor.uexp" 627
"../../../Engine/Content/Functions/Engine_MaterialFunctions02/Texturing/CustomRotator.uasset" 628
"../../../Engine/Content/Functions/Engine_MaterialFunctions02/Texturing/CustomRotator.uexp" 629
"../../../Engine/Plugins/Runtime/AudioWidgets/Content/AudioMaterialSlate/Functions/MF_SingleLine_Smooth.uasset" 630
"../../../Engine/Plugins/Runtime/AudioWidgets/Content/AudioMaterialSlate/Functions/MF_SingleLine_Smooth.uexp" 631
"../../../Engine/Plugins/Runtime/AudioWidgets/Content/AudioMaterialSlate/Functions/MF_AngleGradient.uasset" 632
"../../../Engine/Plugins/Runtime/AudioWidgets/Content/AudioMaterialSlate/Functions/MF_AngleGradient.uexp" 633
"../../../Engine/Plugins/Runtime/AudioWidgets/Content/AudioMaterialSlate/Functions/MF_SingleLine.uasset" 634
"../../../Engine/Plugins/Runtime/AudioWidgets/Content/AudioMaterialSlate/Functions/MF_SingleLine.uexp" 635
"../../../Engine/Content/Functions/Engine_MaterialFunctions01/Gradient/SphereGradient-2D.uasset" 636
"../../../Engine/Content/Functions/Engine_MaterialFunctions01/Gradient/SphereGradient-2D.uexp" 637
"../../../Engine/Plugins/Runtime/AudioWidgets/Content/AudioMaterialSlate/M_AudioMaterialToggleButton.uasset" 638
"../../../Engine/Plugins/Runtime/AudioWidgets/Content/AudioMaterialSlate/M_AudioMaterialToggleButton.uexp" 639
"../../../Engine/Plugins/Runtime/AudioWidgets/Content/AudioMaterialSlate/MI_AudioMaterialToggleButton.uasset" 640
"../../../Engine/Plugins/Runtime/AudioWidgets/Content/AudioMaterialSlate/MI_AudioMaterialToggleButton.uexp" 641
"../../../Engine/Content/Functions/Engine_MaterialFunctions01/Gradient/GeneratedRoundRect.uasset" 642
"../../../Engine/Content/Functions/Engine_MaterialFunctions01/Gradient/GeneratedRoundRect.uexp" 643
"../../../Engine/Plugins/Runtime/AudioWidgets/Content/AudioMaterialSlate/M_AudioMaterialRoundedSlider.uasset" 644
"../../../Engine/Plugins/Runtime/AudioWidgets/Content/AudioMaterialSlate/M_AudioMaterialRoundedSlider.uexp" 645
"../../../Engine/Plugins/Runtime/AudioWidgets/Content/AudioMaterialSlate/MI_AudioMaterialRoundedSlider.uasset" 646
"../../../Engine/Plugins/Runtime/AudioWidgets/Content/AudioMaterialSlate/MI_AudioMaterialRoundedSlider.uexp" 647
"../../../Engine/Plugins/Runtime/AudioWidgets/Content/AudioMaterialSlate/Functions/MF_Lines.uasset" 648
"../../../Engine/Plugins/Runtime/AudioWidgets/Content/AudioMaterialSlate/Functions/MF_Lines.uexp" 649
"../../../Engine/Content/Functions/Engine_MaterialFunctions02/Lerp_3Color.uasset" 650
"../../../Engine/Content/Functions/Engine_MaterialFunctions02/Lerp_3Color.uexp" 651
"../../../Engine/Plugins/Runtime/AudioWidgets/Content/AudioMaterialSlate/M_AudioMaterialMeter.uasset" 652
"../../../Engine/Plugins/Runtime/AudioWidgets/Content/AudioMaterialSlate/M_AudioMaterialMeter.uexp" 653
"../../../Engine/Plugins/Runtime/AudioWidgets/Content/AudioMaterialSlate/MI_AudioMaterialMeter.uasset" 654
"../../../Engine/Plugins/Runtime/AudioWidgets/Content/AudioMaterialSlate/MI_AudioMaterialMeter.uexp" 655
"../../../Engine/Plugins/Runtime/AudioWidgets/Content/AudioMaterialSlate/M_AudioMaterialKnob.uasset" 656
"../../../Engine/Plugins/Runtime/AudioWidgets/Content/AudioMaterialSlate/M_AudioMaterialKnob.uexp" 657
"../../../Engine/Plugins/Runtime/AudioWidgets/Content/AudioMaterialSlate/MI_AudioMaterialKnob.uasset" 658
"../../../Engine/Plugins/Runtime/AudioWidgets/Content/AudioMaterialSlate/MI_AudioMaterialKnob.uexp" 659
"../../../Engine/Plugins/Runtime/AudioWidgets/Content/AudioMaterialSlate/Functions/MF_DotOutlined.uasset" 660
"../../../Engine/Plugins/Runtime/AudioWidgets/Content/AudioMaterialSlate/Functions/MF_DotOutlined.uexp" 661
"../../../Engine/Plugins/Runtime/AudioWidgets/Content/AudioMaterialSlate/M_AudioMaterialEnvelope_ADSR.uasset" 662
"../../../Engine/Plugins/Runtime/AudioWidgets/Content/AudioMaterialSlate/M_AudioMaterialEnvelope_ADSR.uexp" 663
"../../../Engine/Plugins/Runtime/AudioWidgets/Content/AudioMaterialSlate/MI_AudioMaterialEnvelope_ADSR.uasset" 664
"../../../Engine/Plugins/Runtime/AudioWidgets/Content/AudioMaterialSlate/MI_AudioMaterialEnvelope_ADSR.uexp" 665
"../../../Engine/Plugins/2D/Paper2D/Content/DefaultSpriteMaterial.uasset" 666
"../../../Engine/Plugins/2D/Paper2D/Content/DefaultSpriteMaterial.uexp" 667
"../../../Engine/Plugins/2D/Paper2D/Content/OpaqueUnlitSpriteMaterial.uasset" 668
"../../../Engine/Plugins/2D/Paper2D/Content/OpaqueUnlitSpriteMaterial.uexp" 669
"../../../Engine/Plugins/2D/Paper2D/Content/MaskedUnlitSpriteMaterial.uasset" 670
"../../../Engine/Plugins/2D/Paper2D/Content/MaskedUnlitSpriteMaterial.uexp" 671
"../../../Engine/Content/EngineResources/WhiteSquareTexture.uasset" 672
"../../../Engine/Content/EngineResources/WhiteSquareTexture.uexp" 673
"../../../Engine/Content/EngineMaterials/Widget3DPassThrough.uasset" 674
"../../../Engine/Content/EngineMaterials/Widget3DPassThrough.uexp" 675
"../../../Engine/Content/EngineMaterials/Widget3DPassThrough_Translucent.uasset" 676
"../../../Engine/Content/EngineMaterials/Widget3DPassThrough_Translucent.uexp" 677
"../../../Engine/Content/EngineMaterials/Widget3DPassThrough_Translucent_OneSided.uasset" 678
"../../../Engine/Content/EngineMaterials/Widget3DPassThrough_Translucent_OneSided.uexp" 679
"../../../Engine/Content/EngineMaterials/Widget3DPassThrough_Opaque.uasset" 680
"../../../Engine/Content/EngineMaterials/Widget3DPassThrough_Opaque.uexp" 681
"../../../Engine/Content/EngineMaterials/Widget3DPassThrough_Opaque_OneSided.uasset" 682
"../../../Engine/Content/EngineMaterials/Widget3DPassThrough_Opaque_OneSided.uexp" 683
"../../../Engine/Content/EngineMaterials/Widget3DPassThrough_Masked_OneSided.uasset" 684
"../../../Engine/Content/EngineMaterials/Widget3DPassThrough_Masked_OneSided.uexp" 685
"../../../Engine/Content/EngineMaterials/Widget3DPassThrough_Masked.uasset" 686
"../../../Engine/Content/EngineMaterials/Widget3DPassThrough_Masked.uexp" 687
"../../../Engine/Plugins/Interchange/Assets/Content/gltf/Textures/T_White_srgb.uasset" 688
"../../../Engine/Plugins/Interchange/Assets/Content/gltf/Textures/T_White_srgb.uexp" 689
"../../../Engine/Plugins/Interchange/Assets/Content/gltf/MaterialFunctions/MF_BaseColor.uasset" 690
"../../../Engine/Plugins/Interchange/Assets/Content/gltf/MaterialFunctions/MF_BaseColor.uexp" 691
"../../../Engine/Plugins/Interchange/Assets/Content/gltf/MaterialFunctions/MF_RotateV2.uasset" 692
"../../../Engine/Plugins/Interchange/Assets/Content/gltf/MaterialFunctions/MF_RotateV2.uexp" 693
"../../../Engine/Plugins/Interchange/Assets/Content/gltf/MaterialFunctions/MF_TransformUVs.uasset" 694
"../../../Engine/Plugins/Interchange/Assets/Content/gltf/MaterialFunctions/MF_TransformUVs.uexp" 695
"../../../Engine/Plugins/Interchange/Assets/Content/gltf/MaterialBodies/MF_Unlit_Body.uasset" 696
"../../../Engine/Plugins/Interchange/Assets/Content/gltf/MaterialBodies/MF_Unlit_Body.uexp" 697
"../../../Engine/Plugins/Interchange/Assets/Content/gltf/M_Unlit.uasset" 698
"../../../Engine/Plugins/Interchange/Assets/Content/gltf/M_Unlit.uexp" 699
"../../../Engine/Plugins/Interchange/Assets/Content/gltf/MaterialInstances/MI_Unlit_Opaque_DS.uasset" 700
"../../../Engine/Plugins/Interchange/Assets/Content/gltf/MaterialInstances/MI_Unlit_Opaque_DS.uexp" 701
"../../../Engine/Plugins/Interchange/Assets/Content/gltf/MaterialInstances/MI_Unlit_Opaque.uasset" 702
"../../../Engine/Plugins/Interchange/Assets/Content/gltf/MaterialInstances/MI_Unlit_Opaque.uexp" 703
"../../../Engine/Plugins/Interchange/Assets/Content/gltf/MaterialInstances/MI_Unlit_Mask_DS.uasset" 704
"../../../Engine/Plugins/Interchange/Assets/Content/gltf/MaterialInstances/MI_Unlit_Mask_DS.uexp" 705
"../../../Engine/Plugins/Interchange/Assets/Content/gltf/MaterialInstances/MI_Unlit_Mask.uasset" 706
"../../../Engine/Plugins/Interchange/Assets/Content/gltf/MaterialInstances/MI_Unlit_Mask.uexp" 707
"../../../Engine/Plugins/Interchange/Assets/Content/gltf/MaterialInstances/MI_Unlit_Blend_DS.uasset" 708
"../../../Engine/Plugins/Interchange/Assets/Content/gltf/MaterialInstances/MI_Unlit_Blend_DS.uexp" 709
"../../../Engine/Plugins/Interchange/Assets/Content/gltf/MaterialInstances/MI_Unlit_Blend.uasset" 710
"../../../Engine/Plugins/Interchange/Assets/Content/gltf/MaterialInstances/MI_Unlit_Blend.uexp" 711
"../../../Engine/Content/Functions/Engine_MaterialFunctions02/Math/Transform3x3Matrix.uasset" 712
"../../../Engine/Content/Functions/Engine_MaterialFunctions02/Math/Transform3x3Matrix.uexp" 713
"../../../Engine/Content/EngineMaterials/Good64x64TilingNoiseHighFreq.uasset" 714
"../../../Engine/Content/EngineMaterials/Good64x64TilingNoiseHighFreq.uexp" 715
"../../../Engine/Content/Functions/Engine_MaterialFunctions02/Texturing/ScreenAlignedPixelToPixelUVs.uasset" 716
"../../../Engine/Content/Functions/Engine_MaterialFunctions02/Texturing/ScreenAlignedPixelToPixelUVs.uexp" 717
"../../../Engine/Plugins/Interchange/Assets/Content/gltf/MaterialFunctions/MF_Temporal_Blur.uasset" 718
"../../../Engine/Plugins/Interchange/Assets/Content/gltf/MaterialFunctions/MF_Temporal_Blur.uexp" 719
"../../../Engine/Plugins/Interchange/Assets/Content/gltf/MaterialFunctions/MF_Specular.uasset" 720
"../../../Engine/Plugins/Interchange/Assets/Content/gltf/MaterialFunctions/MF_Specular.uexp" 721
"../../../Engine/Plugins/Interchange/Assets/Content/gltf/Textures/T_Anisotropy_Direction_Linear.uasset" 722
"../../../Engine/Plugins/Interchange/Assets/Content/gltf/Textures/T_Anisotropy_Direction_Linear.uexp" 723
"../../../Engine/Plugins/Interchange/Assets/Content/gltf/MaterialFunctions/MF_SpecularAnisotropy.uasset" 724
"../../../Engine/Plugins/Interchange/Assets/Content/gltf/MaterialFunctions/MF_SpecularAnisotropy.uexp" 725
"../../../Engine/Plugins/Interchange/Assets/Content/gltf/Textures/T_White_Linear.uasset" 726
"../../../Engine/Plugins/Interchange/Assets/Content/gltf/Textures/T_White_Linear.uexp" 727
"../../../Engine/Plugins/Interchange/Assets/Content/gltf/MaterialFunctions/MF_MetallicRoughness.uasset" 728
"../../../Engine/Plugins/Interchange/Assets/Content/gltf/MaterialFunctions/MF_MetallicRoughness.uexp" 729
"../../../Engine/Plugins/Interchange/Assets/Content/gltf/Textures/T_Generic_N.uasset" 730
"../../../Engine/Plugins/Interchange/Assets/Content/gltf/Textures/T_Generic_N.uexp" 731
"../../../Engine/Plugins/Interchange/Assets/Content/gltf/MaterialFunctions/MF_ScaleNormal.uasset" 732
"../../../Engine/Plugins/Interchange/Assets/Content/gltf/MaterialFunctions/MF_ScaleNormal.uexp" 733
"../../../Engine/Plugins/Interchange/Assets/Content/gltf/MaterialFunctions/MF_Fresnel_DS.uasset" 734
"../../../Engine/Plugins/Interchange/Assets/Content/gltf/MaterialFunctions/MF_Fresnel_DS.uexp" 735
"../../../Engine/Plugins/Interchange/Assets/Content/gltf/MaterialFunctions/MF_Iridescence.uasset" 736
"../../../Engine/Plugins/Interchange/Assets/Content/gltf/MaterialFunctions/MF_Iridescence.uexp" 737
"../../../Engine/Plugins/Interchange/Assets/Content/gltf/MaterialFunctions/MF_Occlusion.uasset" 738
"../../../Engine/Plugins/Interchange/Assets/Content/gltf/MaterialFunctions/MF_Occlusion.uexp" 739
"../../../Engine/Plugins/Interchange/Assets/Content/gltf/MaterialFunctions/MF_IOR.uasset" 740
"../../../Engine/Plugins/Interchange/Assets/Content/gltf/MaterialFunctions/MF_IOR.uexp" 741
"../../../Engine/Plugins/Interchange/Assets/Content/gltf/MaterialFunctions/MF_Transmission.uasset" 742
"../../../Engine/Plugins/Interchange/Assets/Content/gltf/MaterialFunctions/MF_Transmission.uexp" 743
"../../../Engine/Plugins/Interchange/Assets/Content/gltf/MaterialFunctions/MF_RotateNormals_TS.uasset" 744
"../../../Engine/Plugins/Interchange/Assets/Content/gltf/MaterialFunctions/MF_RotateNormals_TS.uexp" 745
"../../../Engine/Plugins/Interchange/Assets/Content/gltf/MaterialFunctions/MF_Normals.uasset" 746
"../../../Engine/Plugins/Interchange/Assets/Content/gltf/MaterialFunctions/MF_Normals.uexp" 747
"../../../Engine/Plugins/Interchange/Assets/Content/gltf/MaterialBodies/MF_Transmission_Body.uasset" 748
"../../../Engine/Plugins/Interchange/Assets/Content/gltf/MaterialBodies/MF_Transmission_Body.uexp" 749
"../../../Engine/Plugins/Interchange/Assets/Content/gltf/M_Transmission.uasset" 750
"../../../Engine/Plugins/Interchange/Assets/Content/gltf/M_Transmission.uexp" 751
"../../../Engine/Plugins/Interchange/Assets/Content/gltf/MaterialInstances/MI_Transmission_DS.uasset" 752
"../../../Engine/Plugins/Interchange/Assets/Content/gltf/MaterialInstances/MI_Transmission_DS.uexp" 753
"../../../Engine/Plugins/Interchange/Assets/Content/gltf/MaterialInstances/MI_Transmission.uasset" 754
"../../../Engine/Plugins/Interchange/Assets/Content/gltf/MaterialInstances/MI_Transmission.uexp" 755
"../../../Engine/Content/Functions/Engine_MaterialFunctions02/Math/AddComponents.uasset" 756
"../../../Engine/Content/Functions/Engine_MaterialFunctions02/Math/AddComponents.uexp" 757
"../../../Engine/Plugins/Interchange/Assets/Content/gltf/MaterialFunctions/MF_DiffuseSpecGloss.uasset" 758
"../../../Engine/Plugins/Interchange/Assets/Content/gltf/MaterialFunctions/MF_DiffuseSpecGloss.uexp" 759
"../../../Engine/Plugins/Interchange/Assets/Content/gltf/MaterialFunctions/MF_Emissive.uasset" 760
"../../../Engine/Plugins/Interchange/Assets/Content/gltf/MaterialFunctions/MF_Emissive.uexp" 761
"../../../Engine/Plugins/Interchange/Assets/Content/gltf/MaterialFunctions/MF_PerceivedBrightness.uasset" 762
"../../../Engine/Plugins/Interchange/Assets/Content/gltf/MaterialFunctions/MF_PerceivedBrightness.uexp" 763
"../../../Engine/Plugins/Interchange/Assets/Content/gltf/MaterialFunctions/MF_SpecGlossToMetalRoughness.uasset" 764
"../../../Engine/Plugins/Interchange/Assets/Content/gltf/MaterialFunctions/MF_SpecGlossToMetalRoughness.uexp" 765
"../../../Engine/Plugins/Interchange/Assets/Content/gltf/MaterialFunctions/MF_MaxComponentValue.uasset" 766
"../../../Engine/Plugins/Interchange/Assets/Content/gltf/MaterialFunctions/MF_MaxComponentValue.uexp" 767
"../../../Engine/Plugins/Interchange/Assets/Content/gltf/MaterialBodies/MF_SpecularGlossiness_Body.uasset" 768
"../../../Engine/Plugins/Interchange/Assets/Content/gltf/MaterialBodies/MF_SpecularGlossiness_Body.uexp" 769
"../../../Engine/Plugins/Interchange/Assets/Content/gltf/M_SpecularGlossiness.uasset" 770
"../../../Engine/Plugins/Interchange/Assets/Content/gltf/M_SpecularGlossiness.uexp" 771
"../../../Engine/Plugins/Interchange/Assets/Content/gltf/MaterialInstances/MI_SpecularGlossiness_Opaque_DS.uasset" 772
"../../../Engine/Plugins/Interchange/Assets/Content/gltf/MaterialInstances/MI_SpecularGlossiness_Opaque_DS.uexp" 773
"../../../Engine/Plugins/Interchange/Assets/Content/gltf/MaterialInstances/MI_SpecularGlossiness_Opaque.uasset" 774
"../../../Engine/Plugins/Interchange/Assets/Content/gltf/MaterialInstances/MI_SpecularGlossiness_Opaque.uexp" 775
"../../../Engine/Plugins/Interchange/Assets/Content/gltf/MaterialInstances/MI_SpecularGlossiness_Mask_DS.uasset" 776
"../../../Engine/Plugins/Interchange/Assets/Content/gltf/MaterialInstances/MI_SpecularGlossiness_Mask_DS.uexp" 777
"../../../Engine/Plugins/Interchange/Assets/Content/gltf/MaterialInstances/MI_SpecularGlossiness_Mask.uasset" 778
"../../../Engine/Plugins/Interchange/Assets/Content/gltf/MaterialInstances/MI_SpecularGlossiness_Mask.uexp" 779
"../../../Engine/Plugins/Interchange/Assets/Content/gltf/MaterialInstances/MI_SpecularGlossiness_Blend_DS.uasset" 780
"../../../Engine/Plugins/Interchange/Assets/Content/gltf/MaterialInstances/MI_SpecularGlossiness_Blend_DS.uexp" 781
"../../../Engine/Plugins/Interchange/Assets/Content/gltf/MaterialInstances/MI_SpecularGlossiness_Blend.uasset" 782
"../../../Engine/Plugins/Interchange/Assets/Content/gltf/MaterialInstances/MI_SpecularGlossiness_Blend.uexp" 783
"../../../Engine/Plugins/Interchange/Assets/Content/gltf/MaterialFunctions/MF_Sheen.uasset" 784
"../../../Engine/Plugins/Interchange/Assets/Content/gltf/MaterialFunctions/MF_Sheen.uexp" 785
"../../../Engine/Plugins/Interchange/Assets/Content/gltf/MaterialBodies/MF_Sheen_Body.uasset" 786
"../../../Engine/Plugins/Interchange/Assets/Content/gltf/MaterialBodies/MF_Sheen_Body.uexp" 787
"../../../Engine/Plugins/Interchange/Assets/Content/gltf/M_Sheen.uasset" 788
"../../../Engine/Plugins/Interchange/Assets/Content/gltf/M_Sheen.uexp" 789
"../../../Engine/Plugins/Interchange/Assets/Content/gltf/MaterialInstances/MI_Sheen_Opaque_DS.uasset" 790
"../../../Engine/Plugins/Interchange/Assets/Content/gltf/MaterialInstances/MI_Sheen_Opaque_DS.uexp" 791
"../../../Engine/Plugins/Interchange/Assets/Content/gltf/MaterialInstances/MI_Sheen_Opaque.uasset" 792
"../../../Engine/Plugins/Interchange/Assets/Content/gltf/MaterialInstances/MI_Sheen_Opaque.uexp" 793
"../../../Engine/Plugins/Interchange/Assets/Content/gltf/MaterialInstances/MI_Sheen_Mask_DS.uasset" 794
"../../../Engine/Plugins/Interchange/Assets/Content/gltf/MaterialInstances/MI_Sheen_Mask_DS.uexp" 795
"../../../Engine/Plugins/Interchange/Assets/Content/gltf/MaterialInstances/MI_Sheen_Mask.uasset" 796
"../../../Engine/Plugins/Interchange/Assets/Content/gltf/MaterialInstances/MI_Sheen_Mask.uexp" 797
"../../../Engine/Plugins/Interchange/Assets/Content/gltf/MaterialInstances/MI_Sheen_Blend_DS.uasset" 798
"../../../Engine/Plugins/Interchange/Assets/Content/gltf/MaterialInstances/MI_Sheen_Blend_DS.uexp" 799
"../../../Engine/Plugins/Interchange/Assets/Content/gltf/MaterialInstances/MI_Sheen_Blend.uasset" 800
"../../../Engine/Plugins/Interchange/Assets/Content/gltf/MaterialInstances/MI_Sheen_Blend.uexp" 801
"../../../Engine/Plugins/Interchange/Assets/Content/gltf/MaterialBodies/MF_Default_Body.uasset" 802
"../../../Engine/Plugins/Interchange/Assets/Content/gltf/MaterialBodies/MF_Default_Body.uexp" 803
"../../../Engine/Plugins/Interchange/Assets/Content/gltf/M_Default.uasset" 804
"../../../Engine/Plugins/Interchange/Assets/Content/gltf/M_Default.uexp" 805
"../../../Engine/Plugins/Interchange/Assets/Content/gltf/MaterialInstances/MI_Default_Opaque_DS.uasset" 806
"../../../Engine/Plugins/Interchange/Assets/Content/gltf/MaterialInstances/MI_Default_Opaque_DS.uexp" 807
"../../../Engine/Plugins/Interchange/Assets/Content/gltf/MaterialInstances/MI_Default_Opaque.uasset" 808
"../../../Engine/Plugins/Interchange/Assets/Content/gltf/MaterialInstances/MI_Default_Opaque.uexp" 809
"../../../Engine/Plugins/Interchange/Assets/Content/gltf/MaterialInstances/MI_Default_Mask_DS.uasset" 810
"../../../Engine/Plugins/Interchange/Assets/Content/gltf/MaterialInstances/MI_Default_Mask_DS.uexp" 811
"../../../Engine/Plugins/Interchange/Assets/Content/gltf/MaterialInstances/MI_Default_Mask.uasset" 812
"../../../Engine/Plugins/Interchange/Assets/Content/gltf/MaterialInstances/MI_Default_Mask.uexp" 813
"../../../Engine/Plugins/Interchange/Assets/Content/gltf/MaterialInstances/MI_Default_Blend_DS.uasset" 814
"../../../Engine/Plugins/Interchange/Assets/Content/gltf/MaterialInstances/MI_Default_Blend_DS.uexp" 815
"../../../Engine/Plugins/Interchange/Assets/Content/gltf/MaterialInstances/MI_Default_Blend.uasset" 816
"../../../Engine/Plugins/Interchange/Assets/Content/gltf/MaterialInstances/MI_Default_Blend.uexp" 817
"../../../Engine/Content/Functions/Engine_MaterialFunctions01/Texturing/FlattenNormal.uasset" 818
"../../../Engine/Content/Functions/Engine_MaterialFunctions01/Texturing/FlattenNormal.uexp" 819
"../../../Engine/Plugins/Interchange/Assets/Content/gltf/MaterialFunctions/MF_Clearcoat.uasset" 820
"../../../Engine/Plugins/Interchange/Assets/Content/gltf/MaterialFunctions/MF_Clearcoat.uexp" 821
"../../../Engine/Plugins/Interchange/Assets/Content/gltf/MaterialBodies/MF_ClearCoat_Body.uasset" 822
"../../../Engine/Plugins/Interchange/Assets/Content/gltf/MaterialBodies/MF_ClearCoat_Body.uexp" 823
"../../../Engine/Plugins/Interchange/Assets/Content/gltf/M_ClearCoat.uasset" 824
"../../../Engine/Plugins/Interchange/Assets/Content/gltf/M_ClearCoat.uexp" 825
"../../../Engine/Plugins/Interchange/Assets/Content/gltf/MaterialInstances/MI_ClearCoat_Opaque_DS.uasset" 826
"../../../Engine/Plugins/Interchange/Assets/Content/gltf/MaterialInstances/MI_ClearCoat_Opaque_DS.uexp" 827
"../../../Engine/Plugins/Interchange/Assets/Content/gltf/MaterialInstances/MI_ClearCoat_Opaque.uasset" 828
"../../../Engine/Plugins/Interchange/Assets/Content/gltf/MaterialInstances/MI_ClearCoat_Opaque.uexp" 829
"../../../Engine/Plugins/Interchange/Assets/Content/gltf/MaterialInstances/MI_ClearCoat_Mask_DS.uasset" 830
"../../../Engine/Plugins/Interchange/Assets/Content/gltf/MaterialInstances/MI_ClearCoat_Mask_DS.uexp" 831
"../../../Engine/Plugins/Interchange/Assets/Content/gltf/MaterialInstances/MI_ClearCoat_Mask.uasset" 832
"../../../Engine/Plugins/Interchange/Assets/Content/gltf/MaterialInstances/MI_ClearCoat_Mask.uexp" 833
"../../../Engine/Plugins/Interchange/Assets/Content/gltf/MaterialInstances/MI_ClearCoat_Blend_DS.uasset" 834
"../../../Engine/Plugins/Interchange/Assets/Content/gltf/MaterialInstances/MI_ClearCoat_Blend_DS.uexp" 835
"../../../Engine/Plugins/Interchange/Assets/Content/gltf/MaterialInstances/MI_ClearCoat_Blend.uasset" 836
"../../../Engine/Plugins/Interchange/Assets/Content/gltf/MaterialInstances/MI_ClearCoat_Blend.uexp" 837
"../../../Engine/Content/EngineSky/VolumetricClouds/T_CloudMask.ubulk" 838
"../../../Engine/Content/EngineSky/VolumetricClouds/T_CloudMask.uasset" 839
"../../../Engine/Content/EngineSky/VolumetricClouds/T_CloudMask.uexp" 840
"../../../Engine/Content/EngineSky/VolumetricClouds/VT_Lightning.uasset" 841
"../../../Engine/Content/EngineSky/VolumetricClouds/VT_Lightning.uexp" 842
"../../../Engine/Content/EngineSky/VolumetricClouds/T_Profile_08.ubulk" 843
"../../../Engine/Content/EngineSky/VolumetricClouds/T_Profile_08.uasset" 844
"../../../Engine/Content/EngineSky/VolumetricClouds/T_Profile_08.uexp" 845
"../../../Engine/Content/Functions/Engine_MaterialFunctions02/Utility/MakeFloat4.uasset" 846
"../../../Engine/Content/Functions/Engine_MaterialFunctions02/Utility/MakeFloat4.uexp" 847
"../../../Engine/Content/Functions/Engine_MaterialFunctions01/Units/Km-to-Cm.uasset" 848
"../../../Engine/Content/Functions/Engine_MaterialFunctions01/Units/Km-to-Cm.uexp" 849
"../../../Engine/Content/Functions/Engine_MaterialFunctions02/Utility/BreakOutFloat4Components.uasset" 850
"../../../Engine/Content/Functions/Engine_MaterialFunctions02/Utility/BreakOutFloat4Components.uexp" 851
"../../../Engine/Content/EngineSky/VolumetricClouds/T_CloudPattern.ubulk" 852
"../../../Engine/Content/EngineSky/VolumetricClouds/T_CloudPattern.uasset" 853
"../../../Engine/Content/EngineSky/VolumetricClouds/T_CloudPattern.uexp" 854
"../../../Engine/Content/EngineSky/VolumetricClouds/VT_PerlinWorley_Balanced.uasset" 855
"../../../Engine/Content/EngineSky/VolumetricClouds/VT_PerlinWorley_Balanced.uexp" 856
"../../../Engine/Content/EngineSky/VolumetricClouds/m_SimpleVolumetricCloud.uasset" 857
"../../../Engine/Content/EngineSky/VolumetricClouds/m_SimpleVolumetricCloud.uexp" 858
"../../../Engine/Content/EngineSky/VolumetricClouds/m_SimpleVolumetricCloud_Inst.uasset" 859
"../../../Engine/Content/EngineSky/VolumetricClouds/m_SimpleVolumetricCloud_Inst.uexp" 860
"../../../Engine/Content/EditorMaterials/Camera/CineMat.uasset" 861
"../../../Engine/Content/EditorMaterials/Camera/CineMat.uexp" 862
"../../../Engine/Content/EditorMaterials/Camera/MI_CineMat_Rig.uasset" 863
"../../../Engine/Content/EditorMaterials/Camera/MI_CineMat_Rig.uexp" 864
"../../../Engine/Content/EditorMeshes/Camera/SM_RailRig_Track.ubulk" 865
"../../../Engine/Content/EditorMeshes/Camera/SM_RailRig_Track.uasset" 866
"../../../Engine/Content/EditorMeshes/Camera/SM_RailRig_Track.uexp" 867
"../../../Engine/Content/EditorMeshes/Camera/SM_RailRig_Mount.ubulk" 868
"../../../Engine/Content/EditorMeshes/Camera/SM_RailRig_Mount.uasset" 869
"../../../Engine/Content/EditorMeshes/Camera/SM_RailRig_Mount.uexp" 870
"../../../Engine/Content/EditorMeshes/Camera/SM_CraneRig_Mount.ubulk" 871
"../../../Engine/Content/EditorMeshes/Camera/SM_CraneRig_Mount.uasset" 872
"../../../Engine/Content/EditorMeshes/Camera/SM_CraneRig_Mount.uexp" 873
"../../../Engine/Content/EditorMeshes/Camera/SM_CraneRig_Body.ubulk" 874
"../../../Engine/Content/EditorMeshes/Camera/SM_CraneRig_Body.uasset" 875
"../../../Engine/Content/EditorMeshes/Camera/SM_CraneRig_Body.uexp" 876
"../../../Engine/Content/EditorMeshes/Camera/SM_CraneRig_Base.ubulk" 877
"../../../Engine/Content/EditorMeshes/Camera/SM_CraneRig_Base.uasset" 878
"../../../Engine/Content/EditorMeshes/Camera/SM_CraneRig_Base.uexp" 879
"../../../Engine/Content/EditorMeshes/Camera/SM_CraneRig_Arm.ubulk" 880
"../../../Engine/Content/EditorMeshes/Camera/SM_CraneRig_Arm.uasset" 881
"../../../Engine/Content/EditorMeshes/Camera/SM_CraneRig_Arm.uexp" 882
"../../../Engine/Content/EngineMaterials/T_Default_Material_Grid_M.ubulk" 883
"../../../Engine/Content/EngineMaterials/T_Default_Material_Grid_M.uasset" 884
"../../../Engine/Content/EngineMaterials/T_Default_Material_Grid_M.uexp" 885
"../../../Engine/Content/EngineMaterials/T_Default_Material_Grid_N.ubulk" 886
"../../../Engine/Content/EngineMaterials/T_Default_Material_Grid_N.uasset" 887
"../../../Engine/Content/EngineMaterials/T_Default_Material_Grid_N.uexp" 888
"../../../Engine/Content/Functions/Engine_MaterialFunctions01/Opacity/CameraDepthFade.uasset" 889
"../../../Engine/Content/Functions/Engine_MaterialFunctions01/Opacity/CameraDepthFade.uexp" 890
"../../../Engine/Content/EngineMaterials/WorldGridMaterial.uasset" 891
"../../../Engine/Content/EngineMaterials/WorldGridMaterial.uexp" 892
"../../../Engine/Content/ArtTools/RenderToTexture/Meshes/S_1_Unit_Plane.ubulk" 893
"../../../Engine/Content/ArtTools/RenderToTexture/Meshes/S_1_Unit_Plane.uasset" 894
"../../../Engine/Content/ArtTools/RenderToTexture/Meshes/S_1_Unit_Plane.uexp" 895
"../../../Engine/Content/EngineMeshes/Sphere.ubulk" 896
"../../../Engine/Content/EngineMeshes/Sphere.uasset" 897
"../../../Engine/Content/EngineMeshes/Sphere.uexp" 898
"../../../Engine/Content/VREditor/LaserPointer/VR_LaserPower_01.ubulk" 899
"../../../Engine/Content/VREditor/LaserPointer/VR_LaserPower_01.uasset" 900
"../../../Engine/Content/VREditor/LaserPointer/VR_LaserPower_01.uexp" 901
"../../../Engine/Content/VREditor/TransformGizmo/TransformGizmoMaterial.uasset" 902
"../../../Engine/Content/VREditor/TransformGizmo/TransformGizmoMaterial.uexp" 903
"../../../Engine/Content/VREditor/TransformGizmo/TranslucentTransformGizmoMaterial.uasset" 904
"../../../Engine/Content/VREditor/TransformGizmo/TranslucentTransformGizmoMaterial.uexp" 905
"../../../Engine/Content/VREditor/TransformGizmo/BoundingBoxCorner.ubulk" 906
"../../../Engine/Content/VREditor/TransformGizmo/BoundingBoxCorner.uasset" 907
"../../../Engine/Content/VREditor/TransformGizmo/BoundingBoxCorner.uexp" 908
"../../../Engine/Content/VREditor/TransformGizmo/BoundingBoxEdge.ubulk" 909
"../../../Engine/Content/VREditor/TransformGizmo/BoundingBoxEdge.uasset" 910
"../../../Engine/Content/VREditor/TransformGizmo/BoundingBoxEdge.uexp" 911
"../../../Engine/Content/VREditor/TransformGizmo/Main.uasset" 912
"../../../Engine/Content/VREditor/TransformGizmo/Main.uexp" 913
"../../../Engine/Content/VREditor/TransformGizmo/Xray.uasset" 914
"../../../Engine/Content/VREditor/TransformGizmo/Xray.uexp" 915
"../../../Engine/Content/VREditor/TransformGizmo/SM_Sequencer_Node.ubulk" 916
"../../../Engine/Content/VREditor/TransformGizmo/SM_Sequencer_Node.uasset" 917
"../../../Engine/Content/VREditor/TransformGizmo/SM_Sequencer_Node.uexp" 918
"../../../Engine/Content/EngineMaterials/DefaultMaterial.uasset" 919
"../../../Engine/Content/EngineMaterials/DefaultMaterial.uexp" 920
"../../../Engine/Content/BasicShapes/Cone.ubulk" 921
"../../../Engine/Content/BasicShapes/Cone.uasset" 922
"../../../Engine/Content/BasicShapes/Cone.uexp" 923
"../../../Engine/Content/BasicShapes/Cube.ubulk" 924
"../../../Engine/Content/BasicShapes/Cube.uasset" 925
"../../../Engine/Content/BasicShapes/Cube.uexp" 926
"../../../Engine/Content/BasicShapes/Cylinder.ubulk" 927
"../../../Engine/Content/BasicShapes/Cylinder.uasset" 928
"../../../Engine/Content/BasicShapes/Cylinder.uexp" 929
"../../../Engine/Content/BasicShapes/Plane.ubulk" 930
"../../../Engine/Content/BasicShapes/Plane.uasset" 931
"../../../Engine/Content/BasicShapes/Plane.uexp" 932
"../../../Engine/Content/BasicShapes/Sphere.ubulk" 933
"../../../Engine/Content/BasicShapes/Sphere.uasset" 934
"../../../Engine/Content/BasicShapes/Sphere.uexp" 935
"../../../Engine/Content/EditorLandscapeResources/SplineEditorMeshMat.uasset" 936
"../../../Engine/Content/EditorLandscapeResources/SplineEditorMeshMat.uexp" 937
"../../../Engine/Content/EditorLandscapeResources/SplineEditorMesh.ubulk" 938
"../../../Engine/Content/EditorLandscapeResources/SplineEditorMesh.uasset" 939
"../../../Engine/Content/EditorLandscapeResources/SplineEditorMesh.uexp" 940
"../../../Engine/Plugins/Animation/ControlRig/Content/Controls/ControlRig_Arrow2_1mm.ubulk" 941
"../../../Engine/Plugins/Animation/ControlRig/Content/Controls/ControlRig_Arrow2_1mm.uasset" 942
"../../../Engine/Plugins/Animation/ControlRig/Content/Controls/ControlRig_Arrow2_1mm.uexp" 943
"../../../Engine/Plugins/Animation/ControlRig/Content/Controls/ControlRig_Arrow2_3mm.ubulk" 944
"../../../Engine/Plugins/Animation/ControlRig/Content/Controls/ControlRig_Arrow2_3mm.uasset" 945
"../../../Engine/Plugins/Animation/ControlRig/Content/Controls/ControlRig_Arrow2_3mm.uexp" 946
"../../../Engine/Plugins/Animation/ControlRig/Content/Controls/ControlRig_Arrow2_solid.ubulk" 947
"../../../Engine/Plugins/Animation/ControlRig/Content/Controls/ControlRig_Arrow2_solid.uasset" 948
"../../../Engine/Plugins/Animation/ControlRig/Content/Controls/ControlRig_Arrow2_solid.uexp" 949
"../../../Engine/Plugins/Animation/ControlRig/Content/Controls/ControlRig_Arrow4_1mm.ubulk" 950
"../../../Engine/Plugins/Animation/ControlRig/Content/Controls/ControlRig_Arrow4_1mm.uasset" 951
"../../../Engine/Plugins/Animation/ControlRig/Content/Controls/ControlRig_Arrow4_1mm.uexp" 952
"../../../Engine/Plugins/Animation/ControlRig/Content/Controls/ControlRig_Arrow4_3mm.ubulk" 953
"../../../Engine/Plugins/Animation/ControlRig/Content/Controls/ControlRig_Arrow4_3mm.uasset" 954
"../../../Engine/Plugins/Animation/ControlRig/Content/Controls/ControlRig_Arrow4_3mm.uexp" 955
"../../../Engine/Plugins/Animation/ControlRig/Content/Controls/ControlRig_Arrow4_solid.ubulk" 956
"../../../Engine/Plugins/Animation/ControlRig/Content/Controls/ControlRig_Arrow4_solid.uasset" 957
"../../../Engine/Plugins/Animation/ControlRig/Content/Controls/ControlRig_Arrow4_solid.uexp" 958
"../../../Engine/Plugins/Animation/ControlRig/Content/Controls/ControlRig_Arrow_1mm.ubulk" 959
"../../../Engine/Plugins/Animation/ControlRig/Content/Controls/ControlRig_Arrow_1mm.uasset" 960
"../../../Engine/Plugins/Animation/ControlRig/Content/Controls/ControlRig_Arrow_1mm.uexp" 961
"../../../Engine/Plugins/Animation/ControlRig/Content/Controls/ControlRig_Arrow_3mm.ubulk" 962
"../../../Engine/Plugins/Animation/ControlRig/Content/Controls/ControlRig_Arrow_3mm.uasset" 963
"../../../Engine/Plugins/Animation/ControlRig/Content/Controls/ControlRig_Arrow_3mm.uexp" 964
"../../../Engine/Plugins/Animation/ControlRig/Content/Controls/ControlRig_Arrow_solid.ubulk" 965
"../../../Engine/Plugins/Animation/ControlRig/Content/Controls/ControlRig_Arrow_solid.uasset" 966
"../../../Engine/Plugins/Animation/ControlRig/Content/Controls/ControlRig_Arrow_solid.uexp" 967
"../../../Engine/Plugins/Animation/ControlRig/Content/Controls/ControlRig_Box_1mm.ubulk" 968
"../../../Engine/Plugins/Animation/ControlRig/Content/Controls/ControlRig_Box_1mm.uasset" 969
"../../../Engine/Plugins/Animation/ControlRig/Content/Controls/ControlRig_Box_1mm.uexp" 970
"../../../Engine/Plugins/Animation/ControlRig/Content/Controls/ControlRig_Box_3mm.ubulk" 971
"../../../Engine/Plugins/Animation/ControlRig/Content/Controls/ControlRig_Box_3mm.uasset" 972
"../../../Engine/Plugins/Animation/ControlRig/Content/Controls/ControlRig_Box_3mm.uexp" 973
"../../../Engine/Plugins/Animation/ControlRig/Content/Controls/ControlRig_Box_solid.ubulk" 974
"../../../Engine/Plugins/Animation/ControlRig/Content/Controls/ControlRig_Box_solid.uasset" 975
"../../../Engine/Plugins/Animation/ControlRig/Content/Controls/ControlRig_Box_solid.uexp" 976
"../../../Engine/Plugins/Animation/ControlRig/Content/Controls/ControlRig_Circle_1mm.ubulk" 977
"../../../Engine/Plugins/Animation/ControlRig/Content/Controls/ControlRig_Circle_1mm.uasset" 978
"../../../Engine/Plugins/Animation/ControlRig/Content/Controls/ControlRig_Circle_1mm.uexp" 979
"../../../Engine/Plugins/Animation/ControlRig/Content/Controls/ControlRig_Circle_3mm.ubulk" 980
"../../../Engine/Plugins/Animation/ControlRig/Content/Controls/ControlRig_Circle_3mm.uasset" 981
"../../../Engine/Plugins/Animation/ControlRig/Content/Controls/ControlRig_Circle_3mm.uexp" 982
"../../../Engine/Plugins/Animation/ControlRig/Content/Controls/ControlRig_Circle_solid.ubulk" 983
"../../../Engine/Plugins/Animation/ControlRig/Content/Controls/ControlRig_Circle_solid.uasset" 984
"../../../Engine/Plugins/Animation/ControlRig/Content/Controls/ControlRig_Circle_solid.uexp" 985
"../../../Engine/Plugins/Animation/ControlRig/Content/Controls/ControlRig_Diamond_1mm.ubulk" 986
"../../../Engine/Plugins/Animation/ControlRig/Content/Controls/ControlRig_Diamond_1mm.uasset" 987
"../../../Engine/Plugins/Animation/ControlRig/Content/Controls/ControlRig_Diamond_1mm.uexp" 988
"../../../Engine/Plugins/Animation/ControlRig/Content/Controls/ControlRig_Diamond_3mm.ubulk" 989
"../../../Engine/Plugins/Animation/ControlRig/Content/Controls/ControlRig_Diamond_3mm.uasset" 990
"../../../Engine/Plugins/Animation/ControlRig/Content/Controls/ControlRig_Diamond_3mm.uexp" 991
"../../../Engine/Plugins/Animation/ControlRig/Content/Controls/ControlRig_Diamond_solid.ubulk" 992
"../../../Engine/Plugins/Animation/ControlRig/Content/Controls/ControlRig_Diamond_solid.uasset" 993
"../../../Engine/Plugins/Animation/ControlRig/Content/Controls/ControlRig_Diamond_solid.uexp" 994
"../../../Engine/Plugins/Animation/ControlRig/Content/Controls/ControlRig_HalfCircle_1mm.ubulk" 995
"../../../Engine/Plugins/Animation/ControlRig/Content/Controls/ControlRig_HalfCircle_1mm.uasset" 996
"../../../Engine/Plugins/Animation/ControlRig/Content/Controls/ControlRig_HalfCircle_1mm.uexp" 997
"../../../Engine/Plugins/Animation/ControlRig/Content/Controls/ControlRig_HalfCircle_3mm.ubulk" 998
"../../../Engine/Plugins/Animation/ControlRig/Content/Controls/ControlRig_HalfCircle_3mm.uasset" 999
"../../../Engine/Plugins/Animation/ControlRig/Content/Controls/ControlRig_HalfCircle_3mm.uexp" 1000
"../../../Engine/Plugins/Animation/ControlRig/Content/Controls/ControlRig_HalfCircle_solid.ubulk" 1001
"../../../Engine/Plugins/Animation/ControlRig/Content/Controls/ControlRig_HalfCircle_solid.uasset" 1002
"../../../Engine/Plugins/Animation/ControlRig/Content/Controls/ControlRig_HalfCircle_solid.uexp" 1003
"../../../Engine/Plugins/Animation/ControlRig/Content/Controls/ControlRig_Hexagon_1mm.ubulk" 1004
"../../../Engine/Plugins/Animation/ControlRig/Content/Controls/ControlRig_Hexagon_1mm.uasset" 1005
"../../../Engine/Plugins/Animation/ControlRig/Content/Controls/ControlRig_Hexagon_1mm.uexp" 1006
"../../../Engine/Plugins/Animation/ControlRig/Content/Controls/ControlRig_Hexagon_3mm.ubulk" 1007
"../../../Engine/Plugins/Animation/ControlRig/Content/Controls/ControlRig_Hexagon_3mm.uasset" 1008
"../../../Engine/Plugins/Animation/ControlRig/Content/Controls/ControlRig_Hexagon_3mm.uexp" 1009
"../../../Engine/Plugins/Animation/ControlRig/Content/Controls/ControlRig_Hexagon_solid.ubulk" 1010
"../../../Engine/Plugins/Animation/ControlRig/Content/Controls/ControlRig_Hexagon_solid.uasset" 1011
"../../../Engine/Plugins/Animation/ControlRig/Content/Controls/ControlRig_Hexagon_solid.uexp" 1012
"../../../Engine/Plugins/Animation/ControlRig/Content/Controls/ControlRig_Octagon_1mm.ubulk" 1013
"../../../Engine/Plugins/Animation/ControlRig/Content/Controls/ControlRig_Octagon_1mm.uasset" 1014
"../../../Engine/Plugins/Animation/ControlRig/Content/Controls/ControlRig_Octagon_1mm.uexp" 1015
"../../../Engine/Plugins/Animation/ControlRig/Content/Controls/ControlRig_Octagon_3mm.ubulk" 1016
"../../../Engine/Plugins/Animation/ControlRig/Content/Controls/ControlRig_Octagon_3mm.uasset" 1017
"../../../Engine/Plugins/Animation/ControlRig/Content/Controls/ControlRig_Octagon_3mm.uexp" 1018
"../../../Engine/Plugins/Animation/ControlRig/Content/Controls/ControlRig_Octagon_solid.ubulk" 1019
"../../../Engine/Plugins/Animation/ControlRig/Content/Controls/ControlRig_Octagon_solid.uasset" 1020
"../../../Engine/Plugins/Animation/ControlRig/Content/Controls/ControlRig_Octagon_solid.uexp" 1021
"../../../Engine/Plugins/Animation/ControlRig/Content/Controls/ControlRig_Pyramid_1mm.ubulk" 1022
"../../../Engine/Plugins/Animation/ControlRig/Content/Controls/ControlRig_Pyramid_1mm.uasset" 1023
"../../../Engine/Plugins/Animation/ControlRig/Content/Controls/ControlRig_Pyramid_1mm.uexp" 1024
"../../../Engine/Plugins/Animation/ControlRig/Content/Controls/ControlRig_Pyramid_3mm.ubulk" 1025
"../../../Engine/Plugins/Animation/ControlRig/Content/Controls/ControlRig_Pyramid_3mm.uasset" 1026
"../../../Engine/Plugins/Animation/ControlRig/Content/Controls/ControlRig_Pyramid_3mm.uexp" 1027
"../../../Engine/Plugins/Animation/ControlRig/Content/Controls/ControlRig_Pyramid_solid.ubulk" 1028
"../../../Engine/Plugins/Animation/ControlRig/Content/Controls/ControlRig_Pyramid_solid.uasset" 1029
"../../../Engine/Plugins/Animation/ControlRig/Content/Controls/ControlRig_Pyramid_solid.uexp" 1030
"../../../Engine/Plugins/Animation/ControlRig/Content/Controls/ControlRig_QuarterCircle_1mm.ubulk" 1031
"../../../Engine/Plugins/Animation/ControlRig/Content/Controls/ControlRig_QuarterCircle_1mm.uasset" 1032
"../../../Engine/Plugins/Animation/ControlRig/Content/Controls/ControlRig_QuarterCircle_1mm.uexp" 1033
"../../../Engine/Plugins/Animation/ControlRig/Content/Controls/ControlRig_QuarterCircle_3mm.ubulk" 1034
"../../../Engine/Plugins/Animation/ControlRig/Content/Controls/ControlRig_QuarterCircle_3mm.uasset" 1035
"../../../Engine/Plugins/Animation/ControlRig/Content/Controls/ControlRig_QuarterCircle_3mm.uexp" 1036
"../../../Engine/Plugins/Animation/ControlRig/Content/Controls/ControlRig_QuarterCircle_solid.ubulk" 1037
"../../../Engine/Plugins/Animation/ControlRig/Content/Controls/ControlRig_QuarterCircle_solid.uasset" 1038
"../../../Engine/Plugins/Animation/ControlRig/Content/Controls/ControlRig_QuarterCircle_solid.uexp" 1039
"../../../Engine/Plugins/Animation/ControlRig/Content/Controls/ControlRig_RoundedSquare_1mm.ubulk" 1040
"../../../Engine/Plugins/Animation/ControlRig/Content/Controls/ControlRig_RoundedSquare_1mm.uasset" 1041
"../../../Engine/Plugins/Animation/ControlRig/Content/Controls/ControlRig_RoundedSquare_1mm.uexp" 1042
"../../../Engine/Plugins/Animation/ControlRig/Content/Controls/ControlRig_RoundedSquare_3mm.ubulk" 1043
"../../../Engine/Plugins/Animation/ControlRig/Content/Controls/ControlRig_RoundedSquare_3mm.uasset" 1044
"../../../Engine/Plugins/Animation/ControlRig/Content/Controls/ControlRig_RoundedSquare_3mm.uexp" 1045
"../../../Engine/Plugins/Animation/ControlRig/Content/Controls/ControlRig_RoundedSquare_solid.ubulk" 1046
"../../../Engine/Plugins/Animation/ControlRig/Content/Controls/ControlRig_RoundedSquare_solid.uasset" 1047
"../../../Engine/Plugins/Animation/ControlRig/Content/Controls/ControlRig_RoundedSquare_solid.uexp" 1048
"../../../Engine/Plugins/Animation/ControlRig/Content/Controls/ControlRig_RoundedTriangle_1mm.ubulk" 1049
"../../../Engine/Plugins/Animation/ControlRig/Content/Controls/ControlRig_RoundedTriangle_1mm.uasset" 1050
"../../../Engine/Plugins/Animation/ControlRig/Content/Controls/ControlRig_RoundedTriangle_1mm.uexp" 1051
"../../../Engine/Plugins/Animation/ControlRig/Content/Controls/ControlRig_RoundedTriangle_3mm.ubulk" 1052
"../../../Engine/Plugins/Animation/ControlRig/Content/Controls/ControlRig_RoundedTriangle_3mm.uasset" 1053
"../../../Engine/Plugins/Animation/ControlRig/Content/Controls/ControlRig_RoundedTriangle_3mm.uexp" 1054
"../../../Engine/Plugins/Animation/ControlRig/Content/Controls/ControlRig_RoundedTriangle_solid.ubulk" 1055
"../../../Engine/Plugins/Animation/ControlRig/Content/Controls/ControlRig_RoundedTriangle_solid.uasset" 1056
"../../../Engine/Plugins/Animation/ControlRig/Content/Controls/ControlRig_RoundedTriangle_solid.uexp" 1057
"../../../Engine/Plugins/Animation/ControlRig/Content/Controls/ControlRig_Sphere_1mm.ubulk" 1058
"../../../Engine/Plugins/Animation/ControlRig/Content/Controls/ControlRig_Sphere_1mm.uasset" 1059
"../../../Engine/Plugins/Animation/ControlRig/Content/Controls/ControlRig_Sphere_1mm.uexp" 1060
"../../../Engine/Plugins/Animation/ControlRig/Content/Controls/ControlRig_Sphere_3mm.ubulk" 1061
"../../../Engine/Plugins/Animation/ControlRig/Content/Controls/ControlRig_Sphere_3mm.uasset" 1062
"../../../Engine/Plugins/Animation/ControlRig/Content/Controls/ControlRig_Sphere_3mm.uexp" 1063
"../../../Engine/Plugins/Animation/ControlRig/Content/Controls/ControlRig_Sphere_solid.ubulk" 1064
"../../../Engine/Plugins/Animation/ControlRig/Content/Controls/ControlRig_Sphere_solid.uasset" 1065
"../../../Engine/Plugins/Animation/ControlRig/Content/Controls/ControlRig_Sphere_solid.uexp" 1066
"../../../Engine/Plugins/Animation/ControlRig/Content/Controls/ControlRig_Square_1mm.ubulk" 1067
"../../../Engine/Plugins/Animation/ControlRig/Content/Controls/ControlRig_Square_1mm.uasset" 1068
"../../../Engine/Plugins/Animation/ControlRig/Content/Controls/ControlRig_Square_1mm.uexp" 1069
"../../../Engine/Plugins/Animation/ControlRig/Content/Controls/ControlRig_Square_3mm.ubulk" 1070
"../../../Engine/Plugins/Animation/ControlRig/Content/Controls/ControlRig_Square_3mm.uasset" 1071
"../../../Engine/Plugins/Animation/ControlRig/Content/Controls/ControlRig_Square_3mm.uexp" 1072
"../../../Engine/Plugins/Animation/ControlRig/Content/Controls/ControlRig_Square_solid.ubulk" 1073
"../../../Engine/Plugins/Animation/ControlRig/Content/Controls/ControlRig_Square_solid.uasset" 1074
"../../../Engine/Plugins/Animation/ControlRig/Content/Controls/ControlRig_Square_solid.uexp" 1075
"../../../Engine/Plugins/Animation/ControlRig/Content/Controls/ControlRig_Star4_1mm.ubulk" 1076
"../../../Engine/Plugins/Animation/ControlRig/Content/Controls/ControlRig_Star4_1mm.uasset" 1077
"../../../Engine/Plugins/Animation/ControlRig/Content/Controls/ControlRig_Star4_1mm.uexp" 1078
"../../../Engine/Plugins/Animation/ControlRig/Content/Controls/ControlRig_Star4_3mm.ubulk" 1079
"../../../Engine/Plugins/Animation/ControlRig/Content/Controls/ControlRig_Star4_3mm.uasset" 1080
"../../../Engine/Plugins/Animation/ControlRig/Content/Controls/ControlRig_Star4_3mm.uexp" 1081
"../../../Engine/Plugins/Animation/ControlRig/Content/Controls/ControlRig_Star4_solid.ubulk" 1082
"../../../Engine/Plugins/Animation/ControlRig/Content/Controls/ControlRig_Star4_solid.uasset" 1083
"../../../Engine/Plugins/Animation/ControlRig/Content/Controls/ControlRig_Star4_solid.uexp" 1084
"../../../Engine/Plugins/Animation/ControlRig/Content/Controls/ControlRig_Triangle_1mm.ubulk" 1085
"../../../Engine/Plugins/Animation/ControlRig/Content/Controls/ControlRig_Triangle_1mm.uasset" 1086
"../../../Engine/Plugins/Animation/ControlRig/Content/Controls/ControlRig_Triangle_1mm.uexp" 1087
"../../../Engine/Plugins/Animation/ControlRig/Content/Controls/ControlRig_Triangle_3mm.ubulk" 1088
"../../../Engine/Plugins/Animation/ControlRig/Content/Controls/ControlRig_Triangle_3mm.uasset" 1089
"../../../Engine/Plugins/Animation/ControlRig/Content/Controls/ControlRig_Triangle_3mm.uexp" 1090
"../../../Engine/Plugins/Animation/ControlRig/Content/Controls/ControlRig_Triangle_solid.ubulk" 1091
"../../../Engine/Plugins/Animation/ControlRig/Content/Controls/ControlRig_Triangle_solid.uasset" 1092
"../../../Engine/Plugins/Animation/ControlRig/Content/Controls/ControlRig_Triangle_solid.uexp" 1093
"../../../Engine/Plugins/Animation/ControlRig/Content/Controls/ControlRig_Wedge_1mm.ubulk" 1094
"../../../Engine/Plugins/Animation/ControlRig/Content/Controls/ControlRig_Wedge_1mm.uasset" 1095
"../../../Engine/Plugins/Animation/ControlRig/Content/Controls/ControlRig_Wedge_1mm.uexp" 1096
"../../../Engine/Plugins/Animation/ControlRig/Content/Controls/ControlRig_Wedge_3mm.ubulk" 1097
"../../../Engine/Plugins/Animation/ControlRig/Content/Controls/ControlRig_Wedge_3mm.uasset" 1098
"../../../Engine/Plugins/Animation/ControlRig/Content/Controls/ControlRig_Wedge_3mm.uexp" 1099
"../../../Engine/Plugins/Animation/ControlRig/Content/Controls/ControlRig_Wedge_solid.ubulk" 1100
"../../../Engine/Plugins/Animation/ControlRig/Content/Controls/ControlRig_Wedge_solid.uasset" 1101
"../../../Engine/Plugins/Animation/ControlRig/Content/Controls/ControlRig_Wedge_solid.uexp" 1102
"../../../Engine/Plugins/Media/MediaPlate/Content/SM_MediaPlateScreen.ubulk" 1103
"../../../Engine/Plugins/Media/MediaPlate/Content/SM_MediaPlateScreen.uasset" 1104
"../../../Engine/Plugins/Media/MediaPlate/Content/SM_MediaPlateScreen.uexp" 1105
"C:/Users/pitre/OneDrive/Desktop/info-sys-and-proj-methodologies-II-project-mastermind-inc/Mastermind_shooter/Content/LevelPrototyping/Textures/T_GridChecker_A.ubulk" 1106
"C:/Users/pitre/OneDrive/Desktop/info-sys-and-proj-methodologies-II-project-mastermind-inc/Mastermind_shooter/Content/LevelPrototyping/Textures/T_GridChecker_A.uasset" 1107
"C:/Users/pitre/OneDrive/Desktop/info-sys-and-proj-methodologies-II-project-mastermind-inc/Mastermind_shooter/Content/LevelPrototyping/Textures/T_GridChecker_A.uexp" 1108
"../../../Engine/Content/Functions/Engine_MaterialFunctions01/Gradient/LinearGradient.uasset" 1109
"../../../Engine/Content/Functions/Engine_MaterialFunctions01/Gradient/LinearGradient.uexp" 1110
"../../../Engine/Content/Functions/Engine_MaterialFunctions01/ImageAdjustment/CheapContrast.uasset" 1111
"../../../Engine/Content/Functions/Engine_MaterialFunctions01/ImageAdjustment/CheapContrast.uexp" 1112
"C:/Users/pitre/OneDrive/Desktop/info-sys-and-proj-methodologies-II-project-mastermind-inc/Mastermind_shooter/Content/LevelPrototyping/Materials/MF_ProcGrid.uasset" 1113
"C:/Users/pitre/OneDrive/Desktop/info-sys-and-proj-methodologies-II-project-mastermind-inc/Mastermind_shooter/Content/LevelPrototyping/Materials/MF_ProcGrid.uexp" 1114
"C:/Users/pitre/OneDrive/Desktop/info-sys-and-proj-methodologies-II-project-mastermind-inc/Mastermind_shooter/Content/LevelPrototyping/Materials/M_PrototypeGrid.uasset" 1115
"C:/Users/pitre/OneDrive/Desktop/info-sys-and-proj-methodologies-II-project-mastermind-inc/Mastermind_shooter/Content/LevelPrototyping/Materials/M_PrototypeGrid.uexp" 1116
"C:/Users/pitre/OneDrive/Desktop/info-sys-and-proj-methodologies-II-project-mastermind-inc/Mastermind_shooter/Content/LevelPrototyping/Materials/MI_PrototypeGrid_Gray.uasset" 1117
"C:/Users/pitre/OneDrive/Desktop/info-sys-and-proj-methodologies-II-project-mastermind-inc/Mastermind_shooter/Content/LevelPrototyping/Materials/MI_PrototypeGrid_Gray.uexp" 1118
"C:/Users/pitre/OneDrive/Desktop/info-sys-and-proj-methodologies-II-project-mastermind-inc/Mastermind_shooter/Content/LevelPrototyping/Meshes/SM_QuarterCylinder.ubulk" 1119
"C:/Users/pitre/OneDrive/Desktop/info-sys-and-proj-methodologies-II-project-mastermind-inc/Mastermind_shooter/Content/LevelPrototyping/Meshes/SM_QuarterCylinder.uasset" 1120
"C:/Users/pitre/OneDrive/Desktop/info-sys-and-proj-methodologies-II-project-mastermind-inc/Mastermind_shooter/Content/LevelPrototyping/Meshes/SM_QuarterCylinder.uexp" 1121
"C:/Users/pitre/OneDrive/Desktop/info-sys-and-proj-methodologies-II-project-mastermind-inc/Mastermind_shooter/Content/LevelPrototyping/Materials/MI_PrototypeGrid_TopDark.uasset" 1122
"C:/Users/pitre/OneDrive/Desktop/info-sys-and-proj-methodologies-II-project-mastermind-inc/Mastermind_shooter/Content/LevelPrototyping/Materials/MI_PrototypeGrid_TopDark.uexp" 1123
"C:/Users/pitre/OneDrive/Desktop/info-sys-and-proj-methodologies-II-project-mastermind-inc/Mastermind_shooter/Content/LevelPrototyping/Materials/M_Solid.uasset" 1124
"C:/Users/pitre/OneDrive/Desktop/info-sys-and-proj-methodologies-II-project-mastermind-inc/Mastermind_shooter/Content/LevelPrototyping/Materials/M_Solid.uexp" 1125
"C:/Users/pitre/OneDrive/Desktop/info-sys-and-proj-methodologies-II-project-mastermind-inc/Mastermind_shooter/Content/LevelPrototyping/Materials/MI_Solid_Blue.uasset" 1126
"C:/Users/pitre/OneDrive/Desktop/info-sys-and-proj-methodologies-II-project-mastermind-inc/Mastermind_shooter/Content/LevelPrototyping/Materials/MI_Solid_Blue.uexp" 1127
"C:/Users/pitre/OneDrive/Desktop/info-sys-and-proj-methodologies-II-project-mastermind-inc/Mastermind_shooter/Content/LevelPrototyping/Meshes/SM_ChamferCube.ubulk" 1128
"C:/Users/pitre/OneDrive/Desktop/info-sys-and-proj-methodologies-II-project-mastermind-inc/Mastermind_shooter/Content/LevelPrototyping/Meshes/SM_ChamferCube.uasset" 1129
"C:/Users/pitre/OneDrive/Desktop/info-sys-and-proj-methodologies-II-project-mastermind-inc/Mastermind_shooter/Content/LevelPrototyping/Meshes/SM_ChamferCube.uexp" 1130
"C:/Users/pitre/OneDrive/Desktop/info-sys-and-proj-methodologies-II-project-mastermind-inc/Mastermind_shooter/Content/LevelPrototyping/Meshes/SM_Cube.ubulk" 1131
"C:/Users/pitre/OneDrive/Desktop/info-sys-and-proj-methodologies-II-project-mastermind-inc/Mastermind_shooter/Content/LevelPrototyping/Meshes/SM_Cube.uasset" 1132
"C:/Users/pitre/OneDrive/Desktop/info-sys-and-proj-methodologies-II-project-mastermind-inc/Mastermind_shooter/Content/LevelPrototyping/Meshes/SM_Cube.uexp" 1133
"../../../Engine/Content/EngineSky/T_Sky_Stars.ubulk" 1134
"../../../Engine/Content/EngineSky/T_Sky_Stars.uasset" 1135
"../../../Engine/Content/EngineSky/T_Sky_Stars.uexp" 1136
"../../../Engine/Content/EngineSky/T_Sky_Clouds_M.ubulk" 1137
"../../../Engine/Content/EngineSky/T_Sky_Clouds_M.uasset" 1138
"../../../Engine/Content/EngineSky/T_Sky_Clouds_M.uexp" 1139
"../../../Engine/Content/EngineSky/T_Sky_Blue.ubulk" 1140
"../../../Engine/Content/EngineSky/T_Sky_Blue.uasset" 1141
"../../../Engine/Content/EngineSky/T_Sky_Blue.uexp" 1142
"../../../Engine/Content/EngineSky/M_Sky_Panning_Clouds2.uasset" 1143
"../../../Engine/Content/EngineSky/M_Sky_Panning_Clouds2.uexp" 1144
"../../../Engine/Content/EngineSky/SM_SkySphere.ubulk" 1145
"../../../Engine/Content/EngineSky/SM_SkySphere.uasset" 1146
"../../../Engine/Content/EngineSky/SM_SkySphere.uexp" 1147
"../../../Engine/Content/EngineSky/M_SimpleSkyDome.uasset" 1148
"../../../Engine/Content/EngineSky/M_SimpleSkyDome.uexp" 1149
"C:/Users/pitre/OneDrive/Desktop/info-sys-and-proj-methodologies-II-project-mastermind-inc/Mastermind_shooter/Content/LevelPrototyping/Meshes/SM_Ramp.ubulk" 1150
"C:/Users/pitre/OneDrive/Desktop/info-sys-and-proj-methodologies-II-project-mastermind-inc/Mastermind_shooter/Content/LevelPrototyping/Meshes/SM_Ramp.uasset" 1151
"C:/Users/pitre/OneDrive/Desktop/info-sys-and-proj-methodologies-II-project-mastermind-inc/Mastermind_shooter/Content/LevelPrototyping/Meshes/SM_Ramp.uexp" 1152
"../../../Engine/Content/EngineResources/LandscapeVisibilityLayerInfo.uasset" 1153
"../../../Engine/Content/EngineResources/LandscapeVisibilityLayerInfo.uexp" 1154
"../../../Engine/Content/VREditor/TransformGizmo/StartRotationHandleIndicator.ubulk" 1155
"../../../Engine/Content/VREditor/TransformGizmo/StartRotationHandleIndicator.uasset" 1156
"../../../Engine/Content/VREditor/TransformGizmo/StartRotationHandleIndicator.uexp" 1157
"../../../Engine/Content/VREditor/Sounds/UI/Drop_Item_From_ContentBrowser.ubulk" 1158
"../../../Engine/Content/VREditor/Sounds/UI/Drop_Item_From_ContentBrowser.uasset" 1159
"../../../Engine/Content/VREditor/Sounds/UI/Drop_Item_From_ContentBrowser.uexp" 1160
"../../../Engine/Content/VREditor/TransformGizmo/PlaneTranslationHandle.ubulk" 1161
"../../../Engine/Content/VREditor/TransformGizmo/PlaneTranslationHandle.uasset" 1162
"../../../Engine/Content/VREditor/TransformGizmo/PlaneTranslationHandle.uexp" 1163
"../../../Engine/Content/VREditor/Sounds/UI/Object_Snaps_To_Grid.ubulk" 1164
"../../../Engine/Content/VREditor/Sounds/UI/Object_Snaps_To_Grid.uasset" 1165
"../../../Engine/Content/VREditor/Sounds/UI/Object_Snaps_To_Grid.uexp" 1166
"../../../Engine/Content/VREditor/Sounds/UI/Selection_Changes.ubulk" 1167
"../../../Engine/Content/VREditor/Sounds/UI/Selection_Changes.uasset" 1168
"../../../Engine/Content/VREditor/Sounds/UI/Selection_Changes.uexp" 1169
"../../../Engine/Content/VREditor/Sounds/UI/Object_Snaps_To_Another_Actor.ubulk" 1170
"../../../Engine/Content/VREditor/Sounds/UI/Object_Snaps_To_Another_Actor.uasset" 1171
"../../../Engine/Content/VREditor/Sounds/UI/Object_Snaps_To_Another_Actor.uexp" 1172
"../../../Engine/Content/VREditor/TransformGizmo/TranslucentTransformGizmoMaterial_Inst.uasset" 1173
"../../../Engine/Content/VREditor/TransformGizmo/TranslucentTransformGizmoMaterial_Inst.uexp" 1174
"../../../Engine/Content/VREditor/TransformGizmo/TransformGizmoFreeRotation.ubulk" 1175
"../../../Engine/Content/VREditor/TransformGizmo/TransformGizmoFreeRotation.uasset" 1176
"../../../Engine/Content/VREditor/TransformGizmo/TransformGizmoFreeRotation.uexp" 1177
"../../../Engine/Content/VREditor/Sounds/UI/Scaling_Down.ubulk" 1178
"../../../Engine/Content/VREditor/Sounds/UI/Scaling_Down.uasset" 1179
"../../../Engine/Content/VREditor/Sounds/UI/Scaling_Down.uexp" 1180
"../../../Engine/Content/Functions/Engine_MaterialFunctions02/SplitComponents.uasset" 1181
"../../../Engine/Content/Functions/Engine_MaterialFunctions02/SplitComponents.uexp" 1182
"../../../Engine/Content/VREditor/SnapGrid/SnapGridMaterial.uasset" 1183
"../../../Engine/Content/VREditor/SnapGrid/SnapGridMaterial.uexp" 1184
"../../../Engine/Content/VREditor/SnapGrid/SnapGridPlaneMesh.ubulk" 1185
"../../../Engine/Content/VREditor/SnapGrid/SnapGridPlaneMesh.uasset" 1186
"../../../Engine/Content/VREditor/SnapGrid/SnapGridPlaneMesh.uexp" 1187
"../../../Engine/Content/VREditor/Sounds/UI/Scaling_Up.ubulk" 1188
"../../../Engine/Content/VREditor/Sounds/UI/Scaling_Up.uasset" 1189
"../../../Engine/Content/VREditor/Sounds/UI/Scaling_Up.uexp" 1190
"../../../Engine/Content/VREditor/TransformGizmo/TransformGizmoMaterial_Inst.uasset" 1191
"../../../Engine/Content/VREditor/TransformGizmo/TransformGizmoMaterial_Inst.uexp" 1192
"../../../Engine/Content/VREditor/Sounds/UI/Gizmo_Handle_Clicked.ubulk" 1193
"../../../Engine/Content/VREditor/Sounds/UI/Gizmo_Handle_Clicked.uasset" 1194
"../../../Engine/Content/VREditor/Sounds/UI/Gizmo_Handle_Clicked.uexp" 1195
"../../../Engine/Content/VREditor/TransformGizmo/RotationHandleQuarter.ubulk" 1196
"../../../Engine/Content/VREditor/TransformGizmo/RotationHandleQuarter.uasset" 1197
"../../../Engine/Content/VREditor/TransformGizmo/RotationHandleQuarter.uexp" 1198
"../../../Engine/Content/VREditor/TransformGizmo/TranslateArrowHandle.ubulk" 1199
"../../../Engine/Content/VREditor/TransformGizmo/TranslateArrowHandle.uasset" 1200
"../../../Engine/Content/VREditor/TransformGizmo/TranslateArrowHandle.uexp" 1201
"../../../Engine/Content/VREditor/TransformGizmo/RotationHandleIndicator.ubulk" 1202
"../../../Engine/Content/VREditor/TransformGizmo/RotationHandleIndicator.uasset" 1203
"../../../Engine/Content/VREditor/TransformGizmo/RotationHandleIndicator.uexp" 1204
"../../../Engine/Content/VREditor/TransformGizmo/UniformScaleHandle.ubulk" 1205
"../../../Engine/Content/VREditor/TransformGizmo/UniformScaleHandle.uasset" 1206
"../../../Engine/Content/VREditor/TransformGizmo/UniformScaleHandle.uexp" 1207
"../../../Engine/Content/VREditor/TransformGizmo/RotationHandleFull.ubulk" 1208
"../../../Engine/Content/VREditor/TransformGizmo/RotationHandleFull.uasset" 1209
"../../../Engine/Content/VREditor/TransformGizmo/RotationHandleFull.uexp" 1210
"../../../Engine/Content/VREditor/Sounds/UI/Object_PickUp.ubulk" 1211
"../../../Engine/Content/VREditor/Sounds/UI/Object_PickUp.uasset" 1212
"../../../Engine/Content/VREditor/Sounds/UI/Object_PickUp.uexp" 1213
"../../../Engine/Plugins/Animation/DeformerGraph/Content/DeformerFunctions/DG_Function_ComputeNormalsTangents.uasset" 1214
"../../../Engine/Plugins/Animation/DeformerGraph/Content/DeformerFunctions/DG_Function_ComputeNormalsTangents.uexp" 1215
"../../../Engine/Plugins/Animation/DeformerGraph/Content/DeformerFunctions/DG_Function_LinearBlendSkin_Morph_Cloth.uasset" 1216
"../../../Engine/Plugins/Animation/DeformerGraph/Content/DeformerFunctions/DG_Function_LinearBlendSkin_Morph_Cloth.uexp" 1217
"../../../Engine/Plugins/Animation/DeformerGraph/Content/DeformerFunctions/DG_Function_LinearBlendSkin_Morph_Cloth_PositionOnly.uasset" 1218
"../../../Engine/Plugins/Animation/DeformerGraph/Content/DeformerFunctions/DG_Function_LinearBlendSkin_Morph_Cloth_PositionOnly.uexp" 1219
"../../../Engine/Plugins/Animation/DeformerGraph/Content/Deformers/DG_LinearBlendSkin_Morph_Cloth.uasset" 1220
"../../../Engine/Plugins/Animation/DeformerGraph/Content/Deformers/DG_LinearBlendSkin_Morph_Cloth.uexp" 1221
"../../../Engine/Plugins/Animation/DeformerGraph/Content/Deformers/DG_LinearBlendSkin_Morph_Cloth_RecomputeNormals.uasset" 1222
"../../../Engine/Plugins/Animation/DeformerGraph/Content/Deformers/DG_LinearBlendSkin_Morph_Cloth_RecomputeNormals.uexp" 1223
"../../../Engine/Plugins/NNE/NNEDenoiser/Content/NNEDT_Oidn2-3_Balanced.uasset" 1224
"../../../Engine/Plugins/NNE/NNEDenoiser/Content/NNEDT_Oidn2-3_Balanced.uexp" 1225
"../../../Engine/Plugins/NNE/NNEDenoiser/Content/NNEDT_Oidn2-3_Balanced_Alpha.uasset" 1226
"../../../Engine/Plugins/NNE/NNEDenoiser/Content/NNEDT_Oidn2-3_Balanced_Alpha.uexp" 1227
"../../../Engine/Plugins/NNE/NNEDenoiser/Content/NNED_Oidn2-3_Balanced.uasset" 1228
"../../../Engine/Plugins/NNE/NNEDenoiser/Content/NNED_Oidn2-3_Balanced.uexp" 1229
"../../../Engine/Plugins/NNE/NNEDenoiser/Content/NNED_Oidn2-3_Balanced_Alpha.uasset" 1230
"../../../Engine/Plugins/NNE/NNEDenoiser/Content/NNED_Oidn2-3_Balanced_Alpha.uexp" 1231
"../../../Engine/Plugins/NNE/NNEDenoiser/Content/NNED_Oidn2-3_Fast.uasset" 1232
"../../../Engine/Plugins/NNE/NNEDenoiser/Content/NNED_Oidn2-3_Fast.uexp" 1233
"../../../Engine/Plugins/NNE/NNEDenoiser/Content/NNED_Oidn2-3_Fast_Alpha.uasset" 1234
"../../../Engine/Plugins/NNE/NNEDenoiser/Content/NNED_Oidn2-3_Fast_Alpha.uexp" 1235
"../../../Engine/Plugins/NNE/NNEDenoiser/Content/NNED_Oidn2-3_HighQuality.uasset" 1236
"../../../Engine/Plugins/NNE/NNEDenoiser/Content/NNED_Oidn2-3_HighQuality.uexp" 1237
"../../../Engine/Plugins/NNE/NNEDenoiser/Content/NNED_Oidn2-3_HighQuality_Alpha.uasset" 1238
"../../../Engine/Plugins/NNE/NNEDenoiser/Content/NNED_Oidn2-3_HighQuality_Alpha.uexp" 1239
"../../../Engine/Plugins/NNE/NNEDenoiser/Content/NNE_oidn2-3-0_rt_hdr_alb_nrm_small__dyn__fp16_opset11_DenoiseAlpha.uasset" 1240
"../../../Engine/Plugins/NNE/NNEDenoiser/Content/NNE_oidn2-3-0_rt_hdr_alb_nrm_small__dyn__fp16_opset11_DenoiseAlpha.uexp" 1241
"../../../Engine/Plugins/NNE/NNEDenoiser/Content/NNE_oidn2-3-0_rt_hdr_alb_nrm_small__dyn__fp16_opset11_ForwardAlpha.uasset" 1242
"../../../Engine/Plugins/NNE/NNEDenoiser/Content/NNE_oidn2-3-0_rt_hdr_alb_nrm_small__dyn__fp16_opset11_ForwardAlpha.uexp" 1243
"../../../Engine/Plugins/NNE/NNEDenoiser/Content/NNE_oidn2-3-0_rt_hdr_alb_nrm__dyn__fp16_opset11_DenoiseAlpha.uasset" 1244
"../../../Engine/Plugins/NNE/NNEDenoiser/Content/NNE_oidn2-3-0_rt_hdr_alb_nrm__dyn__fp16_opset11_DenoiseAlpha.uexp" 1245
"../../../Engine/Plugins/NNE/NNEDenoiser/Content/NNE_oidn2-3-0_rt_hdr_alb_nrm__dyn__fp16_opset11_ForwardAlpha.uasset" 1246
"../../../Engine/Plugins/NNE/NNEDenoiser/Content/NNE_oidn2-3-0_rt_hdr_alb_nrm__dyn__fp16_opset11_ForwardAlpha.uexp" 1247
"../../../Engine/Plugins/NNE/NNEDenoiser/Content/NNE_oidn2-3-0_rt_hdr_calb_cnrm_large__dyn__fp16_opset11_DenoiseAlpha.uasset" 1248
"../../../Engine/Plugins/NNE/NNEDenoiser/Content/NNE_oidn2-3-0_rt_hdr_calb_cnrm_large__dyn__fp16_opset11_DenoiseAlpha.uexp" 1249
"../../../Engine/Plugins/NNE/NNEDenoiser/Content/NNE_oidn2-3-0_rt_hdr_calb_cnrm_large__dyn__fp16_opset11_ForwardAlpha.uasset" 1250
"../../../Engine/Plugins/NNE/NNEDenoiser/Content/NNE_oidn2-3-0_rt_hdr_calb_cnrm_large__dyn__fp16_opset11_ForwardAlpha.uexp" 1251
"C:/Users/pitre/OneDrive/Desktop/info-sys-and-proj-methodologies-II-project-mastermind-inc/Mastermind_shooter/Content/Game_asset/RealLevels/Levels/Menu/WidgetMenu/WB_ServerRow.uasset" 1252
"C:/Users/pitre/OneDrive/Desktop/info-sys-and-proj-methodologies-II-project-mastermind-inc/Mastermind_shooter/Content/Game_asset/RealLevels/Levels/Menu/WidgetMenu/WB_ServerRow.uexp" 1253
"C:/Users/pitre/OneDrive/Desktop/info-sys-and-proj-methodologies-II-project-mastermind-inc/Mastermind_shooter/Content/Game_asset/RealLevels/Levels/Menu/WidgetMenu/WB_MultiplayerMenu.uasset" 1254
"C:/Users/pitre/OneDrive/Desktop/info-sys-and-proj-methodologies-II-project-mastermind-inc/Mastermind_shooter/Content/Game_asset/RealLevels/Levels/Menu/WidgetMenu/WB_MultiplayerMenu.uexp" 1255
"C:/Users/pitre/OneDrive/Desktop/info-sys-and-proj-methodologies-II-project-mastermind-inc/Mastermind_shooter/Content/Game_asset/RealLevels/Levels/Menu/WidgetMenu/WB_MainMenu.uasset" 1256
"C:/Users/pitre/OneDrive/Desktop/info-sys-and-proj-methodologies-II-project-mastermind-inc/Mastermind_shooter/Content/Game_asset/RealLevels/Levels/Menu/WidgetMenu/WB_MainMenu.uexp" 1257
"C:/Users/pitre/OneDrive/Desktop/info-sys-and-proj-methodologies-II-project-mastermind-inc/Mastermind_shooter/Content/Game_asset/Mutiplayer_framework/SavedData/S_PlayerProfile.uasset" 1258
"C:/Users/pitre/OneDrive/Desktop/info-sys-and-proj-methodologies-II-project-mastermind-inc/Mastermind_shooter/Content/Game_asset/Mutiplayer_framework/SavedData/S_PlayerProfile.uexp" 1259
"C:/Users/pitre/OneDrive/Desktop/info-sys-and-proj-methodologies-II-project-mastermind-inc/Mastermind_shooter/Content/Game_asset/Mutiplayer_framework/SavedData/SG_PlayerProfile.uasset" 1260
"C:/Users/pitre/OneDrive/Desktop/info-sys-and-proj-methodologies-II-project-mastermind-inc/Mastermind_shooter/Content/Game_asset/Mutiplayer_framework/SavedData/SG_PlayerProfile.uexp" 1261
"C:/Users/pitre/OneDrive/Desktop/info-sys-and-proj-methodologies-II-project-mastermind-inc/Mastermind_shooter/Content/Game_asset/Mutiplayer_framework/BP_Shooter_Game_instance.uasset" 1262
"C:/Users/pitre/OneDrive/Desktop/info-sys-and-proj-methodologies-II-project-mastermind-inc/Mastermind_shooter/Content/Game_asset/Mutiplayer_framework/BP_Shooter_Game_instance.uexp" 1263
"C:/Users/pitre/OneDrive/Desktop/info-sys-and-proj-methodologies-II-project-mastermind-inc/Mastermind_shooter/Content/Game_asset/Mutiplayer_framework/BP_MenuPawn.uasset" 1264
"C:/Users/pitre/OneDrive/Desktop/info-sys-and-proj-methodologies-II-project-mastermind-inc/Mastermind_shooter/Content/Game_asset/Mutiplayer_framework/BP_MenuPawn.uexp" 1265
"C:/Users/pitre/OneDrive/Desktop/info-sys-and-proj-methodologies-II-project-mastermind-inc/Mastermind_shooter/Content/Game_asset/RealLevels/Levels/Menu/BP_MainMenu_gamemod.uasset" 1266
"C:/Users/pitre/OneDrive/Desktop/info-sys-and-proj-methodologies-II-project-mastermind-inc/Mastermind_shooter/Content/Game_asset/RealLevels/Levels/Menu/BP_MainMenu_gamemod.uexp" 1267
"C:/Users/pitre/OneDrive/Desktop/info-sys-and-proj-methodologies-II-project-mastermind-inc/Mastermind_shooter/Content/Game_asset/RealLevels/Levels/Menu/WidgetMenu/WB_LobbyMenu.uasset" 1268
"C:/Users/pitre/OneDrive/Desktop/info-sys-and-proj-methodologies-II-project-mastermind-inc/Mastermind_shooter/Content/Game_asset/RealLevels/Levels/Menu/WidgetMenu/WB_LobbyMenu.uexp" 1269
"C:/Users/pitre/OneDrive/Desktop/info-sys-and-proj-methodologies-II-project-mastermind-inc/Mastermind_shooter/Content/Game_asset/Mutiplayer_framework/BP_MenuController.uasset" 1270
"C:/Users/pitre/OneDrive/Desktop/info-sys-and-proj-methodologies-II-project-mastermind-inc/Mastermind_shooter/Content/Game_asset/Mutiplayer_framework/BP_MenuController.uexp" 1271
"C:/Users/pitre/OneDrive/Desktop/info-sys-and-proj-methodologies-II-project-mastermind-inc/Mastermind_shooter/Content/Game_asset/Mutiplayer_framework/BP_ShooterMenu.uasset" 1272
"C:/Users/pitre/OneDrive/Desktop/info-sys-and-proj-methodologies-II-project-mastermind-inc/Mastermind_shooter/Content/Game_asset/Mutiplayer_framework/BP_ShooterMenu.uexp" 1273
"C:/Users/pitre/OneDrive/Desktop/info-sys-and-proj-methodologies-II-project-mastermind-inc/Mastermind_shooter/Content/Game_asset/RealLevels/Levels/Menu/MainMenu.uexp" 1274
"C:/Users/pitre/OneDrive/Desktop/info-sys-and-proj-methodologies-II-project-mastermind-inc/Mastermind_shooter/Content/Game_asset/RealLevels/Levels/Menu/MainMenu.umap" 1275
"C:/Users/pitre/OneDrive/Desktop/info-sys-and-proj-methodologies-II-project-mastermind-inc/Mastermind_shooter/Content/Game_asset/RealLevels/Levels/Menu/LobbyMenuMap.uexp" 1276
"C:/Users/pitre/OneDrive/Desktop/info-sys-and-proj-methodologies-II-project-mastermind-inc/Mastermind_shooter/Content/Game_asset/RealLevels/Levels/Menu/LobbyMenuMap.umap" 1277
"C:/Users/pitre/OneDrive/Desktop/info-sys-and-proj-methodologies-II-project-mastermind-inc/Mastermind_shooter/Content/Game_asset/Mutiplayer_framework/BP_shooter_Player_controller.uasset" 1278
"C:/Users/pitre/OneDrive/Desktop/info-sys-and-proj-methodologies-II-project-mastermind-inc/Mastermind_shooter/Content/Game_asset/Mutiplayer_framework/BP_shooter_Player_controller.uexp" 1279
"C:/Users/pitre/OneDrive/Desktop/info-sys-and-proj-methodologies-II-project-mastermind-inc/Mastermind_shooter/Content/ThirdPerson/Blueprints/BP_ThirdPersonGameMode.uasset" 1280
"C:/Users/pitre/OneDrive/Desktop/info-sys-and-proj-methodologies-II-project-mastermind-inc/Mastermind_shooter/Content/ThirdPerson/Blueprints/BP_ThirdPersonGameMode.uexp" 1281
"C:/Users/pitre/OneDrive/Desktop/info-sys-and-proj-methodologies-II-project-mastermind-inc/Mastermind_shooter/Content/ThirdPerson/Maps/ThirdPersonMap.uexp" 1282
"C:/Users/pitre/OneDrive/Desktop/info-sys-and-proj-methodologies-II-project-mastermind-inc/Mastermind_shooter/Content/ThirdPerson/Maps/ThirdPersonMap.umap" 1283
"../../../Engine/Content/Maps/Entry_BuiltData.uasset" 1284
"../../../Engine/Content/Maps/Entry_BuiltData.uexp" 1285
"../../../Engine/Content/Maps/Entry.uexp" 1286
"../../../Engine/Content/Maps/Entry.umap" 1287
